scrappedUrl	eventname	startdate	enddate	timing	eventinfo	ticketlist	orgProfile	orgname	orgweb	logo	sponsor	agendalist	type	category	city	country	venue	event_website	googlePlaceUrl	ContactMail	Speakerlist	online_event
https://tu-dresden.de/tu-dresden/veranstaltungskalender/veranstaltungskalender/schutz-und-verwertung-ingenieurtechnischer-leistungen-wise-2022-23/2022-10-26	SCHUTZ UND VERWERTUNG INGENIEURTECH­NISCHER LEISTUNGEN WISE 2022/23	2022-10-26	2022-10-26	"['{""type"": ""general"", ""Start_time"": ""04:40PM"", ""end_time"": ""06:10PM"", ""timezone"": """", ""days"": ""all""}']"	 LECTURE: schutz und verwertung ingenieurtech­nischer leistungen wise 2022/23		Technische Universität Dresden is an effective partner for local, national and global collaborations in research, teaching and transfer.	Technische Universität Dresden	https://tu-dresden.de/									https://tu-dresden.de/tu-dresden/veranstaltungskalender/veranstaltungskalender/schutz-und-verwertung-ingenieurtechnischer-leistungen-wise-2022-23/2022-10-26		"[""servicecenter.studium@tu-dresden.de"", ""infostelle@tu-dresden.de"", ""pressestelle@tu-dresden.de""]"	"['{""name"": ""Peter Adler"", ""title"": """", ""link"": """"}', '{""name"": ""Sarah Müller-Sägebrecht"", ""title"": """", ""link"": """"}', '{""name"": ""Matthias Knöbel"", ""title"": """", ""link"": """"}']"	1
https://tu-dresden.de/tu-dresden/veranstaltungskalender/veranstaltungskalender/antrittsvorlesung-von-prof-gisela-huerlimann-kritische-materie-rohstoffe-technologie-und-politik-im-langen-20-jahrhundert	ANTRITTSVOR­LESUNG VON PROF. GISELA HÜRLIMANN: KRITISCHE MATERIE. ROHSTOFFE, TECHNOLOGIE UND POLITIK IM LANGEN 20. JAHRHUNDERT	2022-10-26	2022-10-26	"['{""type"": ""general"", ""Start_time"": ""06:30PM"", ""end_time"": """", ""timezone"": """", ""days"": ""all""}']"	 LECTURE: antrittsvor­lesung von prof. gisela hürlimann: kritische materie. rohstoffe, technologie und politik im langen 20. jahrhundert		Technische Universität Dresden is an effective partner for local, national and global collaborations in research, teaching and transfer.	Technische Universität Dresden	https://tu-dresden.de/							Germany	Institut für Holztechnologie Dresden (IHD), VortragssaalZellescher Weg 2401217 DresdenShow map of this location.	https://tu-dresden.de/tu-dresden/veranstaltungskalender/veranstaltungskalender/antrittsvorlesung-von-prof-gisela-huerlimann-kritische-materie-rohstoffe-technologie-und-politik-im-langen-20-jahrhundert	https://www.google.com/maps/place/Institut+f%C3%BCr+Holztechnologie+Dresden+gemeinn%C3%BCtzige+GmbH/@51.028339,13.7398456,17z/data=!3m1!4b1!4m5!3m4!1s0x4709c5ef98ea98e9:0xb2c5c13e4307ef6f!8m2!3d51.028339!4d13.7420343	"[""servicecenter.studium@tu-dresden.de"", ""infostelle@tu-dresden.de"", ""pressestelle@tu-dresden.de""]"	"['{""name"": ""Prof. Gisela Hürlimann"", ""title"": """", ""link"": """"}']"	0
https://tu-dresden.de/tu-dresden/veranstaltungskalender/veranstaltungskalender/deutsche-meisterschaften-science-slam-vorentscheid-ost	DEUTSCHE MEISTERSCHAFTEN SCIENCE SLAM – VORENTSCHEID OST	2022-10-26	2022-10-26	"['{""type"": ""general"", ""Start_time"": ""07:30PM"", ""end_time"": """", ""timezone"": """", ""days"": ""all""}']"	deutsche meisterschaften science slam – vorentscheid ost  starting by 2022-10-26 and ending 2022-10-26		Technische Universität Dresden is an effective partner for local, national and global collaborations in research, teaching and transfer.	Technische Universität Dresden	https://tu-dresden.de/							Germany	TUD, HSZ/AudimaxBergstr. 64, 01069 Dresden	https://tu-dresden.de/tu-dresden/veranstaltungskalender/veranstaltungskalender/deutsche-meisterschaften-science-slam-vorentscheid-ost	https://www.google.com/maps?q=TUD,+HSZ/AudimaxBergstr.+64,+01069+Dresden++Germany&iflsig=AJiK0e8AAAAAY1cRUV8djISeumredZz2IofcbMxyna89&uact=5&gs_lcp=Cgdnd3Mtd2l6EANQAFikAWDXAWgAcAB4AIABAIgBAJIBAJgBAKABAQ&um=1&ie=UTF-8&sa=X&ved=2ahUKEwje49mu5_n6AhUpDrcAHUXFBZgQ_AUoAXoECAEQAw	"[""servicecenter.studium@tu-dresden.de"", ""infostelle@tu-dresden.de"", ""pressestelle@tu-dresden.de""]"		0
https://tu-dresden.de/tu-dresden/veranstaltungskalender/veranstaltungskalender/ueber-forschung-reden-einfuehrung-in-die-wissenschaftskommunikation-von-presseinfo-bis-podcast/Why-science-communication-How-dialogue-with-the-public-can-work	WHY SCIENCE COMMUNICATION? HOW DIALOGUE WITH THE PUBLIC CAN WORK.	2022-10-27	2022-10-27	"['{""type"": ""general"", ""Start_time"": ""02:50PM"", ""end_time"": ""04:20PM"", ""timezone"": """", ""days"": ""all""}']"	 TALK: why science communication? how dialogue with the public can work.		Technische Universität Dresden is an effective partner for local, national and global collaborations in research, teaching and transfer.	Technische Universität Dresden	https://tu-dresden.de/									https://tu-dresden.de/tu-dresden/veranstaltungskalender/veranstaltungskalender/ueber-forschung-reden-einfuehrung-in-die-wissenschaftskommunikation-von-presseinfo-bis-podcast/Why-science-communication-How-dialogue-with-the-public-can-work		"[""servicecenter.studium@tu-dresden.de"", ""infostelle@tu-dresden.de"", ""pressestelle@tu-dresden.de""]"	"['{""name"": ""Dr. Lorenz Adlung"", ""title"": """", ""link"": """"}']"	1
https://tu-dresden.de/tu-dresden/veranstaltungskalender/veranstaltungskalender/tu-dresden-im-dialog-mensch-tier-beziehungen-interdisziplinaere-perspektiven/tiere-in-der-schule-impulsvortrag-mit-diskussion-im-rahmen-der-reihe-tu-dresden-im-dialog-mensch-tier-beziehungen-1	TIERE IN DER SCHULE – GESPRÄCHSABEND	2022-10-27	2022-10-27	"['{""type"": ""general"", ""Start_time"": ""06:00PM"", ""end_time"": ""07:30PM"", ""timezone"": """", ""days"": ""all""}']"	 INTERACTIVE EVENT: tiere in der schule – gesprächsabend		Technische Universität Dresden is an effective partner for local, national and global collaborations in research, teaching and transfer.	Technische Universität Dresden	https://tu-dresden.de/							Germany	Aula der Universitätsschule Dresden, https://universitaetsschule.org/ 	https://tu-dresden.de/tu-dresden/veranstaltungskalender/veranstaltungskalender/tu-dresden-im-dialog-mensch-tier-beziehungen-interdisziplinaere-perspektiven/tiere-in-der-schule-impulsvortrag-mit-diskussion-im-rahmen-der-reihe-tu-dresden-im-dialog-mensch-tier-beziehungen-1	https://www.google.com/maps?q=Aula+der+Universit%C3%A4tsschule+Dresden,+https://universitaetsschule.org/+++Germany&iflsig=AJiK0e8AAAAAY1cRg4BcEdlb5gIvYoqmkxk81jlVpN1M&uact=5&gs_lcp=Cgdnd3Mtd2l6EANQAFjtAWCjAmgAcAB4AIABAIgBAJIBAJgBAKABAQ&um=1&ie=UTF-8&sa=X&ved=2ahUKEwjYntnG5_n6AhXX23MBHTZdBN4Q_AUoAXoECAEQAw	"[""servicecenter.studium@tu-dresden.de"", ""infostelle@tu-dresden.de"", ""pressestelle@tu-dresden.de""]"	"['{""name"": ""Vertreter*innen von https://www.schueler-fuer-tiere.de/"", ""title"": """", ""link"": """"}', '{""name"": ""Dr.in rer. nat. Lisa-Maria Glenk"", ""title"": """", ""link"": "" https://vetdoc.vu-wien.ac.at/vetdoc/suche.person_uebersicht?sprache_in=de&menue_id_in=101&id_in=3862""}', '{""name"": ""Grit Philippi"", ""title"": """", ""link"": "" https://schulbegleithunde.de/vorstand/ und http://www.schnauzenwelt-geht-in-die-schule.de/Ueber-uns/""}']"	0
https://tu-dresden.de/tu-dresden/veranstaltungskalender/veranstaltungskalender/semesterbegleitender-online-workshop-schwierige-situationen-im-tutorium-meistern	SEMESTERBEGLEI­TENDER ONLINE-WORKSHOP: SCHWIERIGE SITUATIONEN IM TUTORIUM MEISTERN	2022-10-27	2022-10-27	"['{""type"": ""general"", ""Start_time"": ""06:30PM"", ""end_time"": ""07:00PM"", ""timezone"": """", ""days"": ""all""}']"	 WORKSHOP: semesterbeglei­tender online-workshop: schwierige situationen im tutorium meistern		Technische Universität Dresden is an effective partner for local, national and global collaborations in research, teaching and transfer.	Technische Universität Dresden	https://tu-dresden.de/						Gather Town 	Germany		https://tu-dresden.de/tu-dresden/veranstaltungskalender/veranstaltungskalender/semesterbegleitender-online-workshop-schwierige-situationen-im-tutorium-meistern		"[""servicecenter.studium@tu-dresden.de"", ""infostelle@tu-dresden.de"", ""pressestelle@tu-dresden.de""]"	"['{""name"": ""Melanie Ludwig"", ""title"": """", ""link"": """"}']"	0
https://tu-dresden.de/tu-dresden/veranstaltungskalender/veranstaltungskalender/praesenz-workshop-erste-hilfe-kurs-fuer-tutor-innen	PRÄSENZ-WORKSHOP: ERSTE-HILFE-KURS FÜR TUTOR:INNEN	2022-10-28	2022-10-28	"['{""type"": ""general"", ""Start_time"": ""01:15PM"", ""end_time"": ""04:20PM"", ""timezone"": """", ""days"": ""all""}']"	 WORKSHOP: präsenz-workshop: erste-hilfe-kurs für tutor:innen		Technische Universität Dresden is an effective partner for local, national and global collaborations in research, teaching and transfer.	Technische Universität Dresden	https://tu-dresden.de/							Germany	Bürogebäude Strehlener Straße (BSS), Konferenzraum im 7.OGStrehlener Straße 22, 01069 Dresden	https://tu-dresden.de/tu-dresden/veranstaltungskalender/veranstaltungskalender/praesenz-workshop-erste-hilfe-kurs-fuer-tutor-innen	https://www.google.com/maps?q=B%C3%BCrogeb%C3%A4ude+Strehlener+Stra%C3%9Fe+(BSS),+Konferenzraum+im+7.OGStrehlener+Stra%C3%9Fe+22,+01069+Dresden++Germany&iflsig=AJiK0e8AAAAAY1cRqIfrdq8sVkyh1FiXrLrVxczQmViH&uact=5&gs_lcp=Cgdnd3Mtd2l6EANQAFi6AmD5AmgAcAB4AIABAIgBAJIBAJgBAKABAQ&um=1&ie=UTF-8&sa=X&ved=2ahUKEwjEyIrY5_n6AhVWI7cAHeLqBskQ_AUoAXoECAIQAw	"[""servicecenter.studium@tu-dresden.de"", ""infostelle@tu-dresden.de"", ""pressestelle@tu-dresden.de""]"	"['{""name"": ""Studentischer Sanitätsdienst"", ""title"": """", ""link"": """"}']"	0
https://tu-dresden.de/tu-dresden/veranstaltungskalender/veranstaltungskalender/wanderung-in-der-saechsischen-schweiz-1	HIKE IN SAXON SWITZERLAND	2022-10-29	2022-10-29	"['{""type"": ""general"", ""Start_time"": ""  "", ""end_time"": ""  "", ""timezone"": """", ""days"": ""all""}']"	 EXCURSION: hike in saxon switzerland	"{""type"": ""paid"", ""price"": ""5.00"", ""currency"": ""€""}"	Technische Universität Dresden is an effective partner for local, national and global collaborations in research, teaching and transfer.	Technische Universität Dresden	https://tu-dresden.de/						Sächsische Schweiz 	Germany		https://tu-dresden.de/tu-dresden/veranstaltungskalender/veranstaltungskalender/wanderung-in-der-saechsischen-schweiz-1		"[""servicecenter.studium@tu-dresden.de"", ""infostelle@tu-dresden.de"", ""pressestelle@tu-dresden.de""]"		0
https://tu-dresden.de/tu-dresden/veranstaltungskalender/veranstaltungskalender/wie-veraendert-sich-leben-und-lernen-angesichts-sozialer-ungleichheit-steigender-preise-und-energieknappheit	WIE VERÄNDERT SICH LEBEN UND LERNEN ANGESICHTS SOZIALER UNGLEICHHEIT, STEIGENDER PREISE UND ENERGIEKNAP­PHEIT?	2022-11-01	2022-11-01	"['{""type"": ""general"", ""Start_time"": ""06:00PM"", ""end_time"": """", ""timezone"": """", ""days"": ""all""}']"	 COURSE OF TALKS: wie verändert sich leben und lernen angesichts sozialer ungleichheit, steigender preise und energieknap­pheit?		Technische Universität Dresden is an effective partner for local, national and global collaborations in research, teaching and transfer.	Technische Universität Dresden	https://tu-dresden.de/									https://tu-dresden.de/tu-dresden/veranstaltungskalender/veranstaltungskalender/wie-veraendert-sich-leben-und-lernen-angesichts-sozialer-ungleichheit-steigender-preise-und-energieknappheit		"[""servicecenter.studium@tu-dresden.de"", ""infostelle@tu-dresden.de"", ""pressestelle@tu-dresden.de""]"	"['{""name"": ""Prof. Dr. John Grunewald (Leiter des Instituts für Bauklimatik an der TU Dresden)"", ""title"": """", ""link"": """"}', '{""name"": ""Juliane Dziumla (UNU Flores)"", ""title"": """", ""link"": """"}']"	0
https://tu-dresden.de/tu-dresden/veranstaltungskalender/veranstaltungskalender/company-visits/company-visits-basf-schwarzheide-gmbh	COMPANY VISITS|BASF SCHWARZHEIDE GMBH	2022-11-02	2022-11-02	"['{""type"": ""general"", ""Start_time"": ""08:30AM"", ""end_time"": ""04:00PM"", ""timezone"": """", ""days"": ""all""}']"	company visits|basf schwarzheide gmbh  starting by 2022-11-02 and ending 2022-11-02		Technische Universität Dresden is an effective partner for local, national and global collaborations in research, teaching and transfer.	Technische Universität Dresden	https://tu-dresden.de/							Germany	BASF Schwarzheide GmbH 	https://tu-dresden.de/tu-dresden/veranstaltungskalender/veranstaltungskalender/company-visits/company-visits-basf-schwarzheide-gmbh	https://www.google.com/maps?q=BASF+Schwarzheide+GmbH+++Germany&iflsig=AJiK0e8AAAAAY1cR71FiSpxSxiD0lFOZsX8clshfEQUh&uact=5&gs_lcp=Cgdnd3Mtd2l6EANQAFhsYJsBaABwAHgAgAEAiAEAkgEAmAEAoAEB&um=1&ie=UTF-8&sa=X&ved=2ahUKEwjruZ365_n6AhVZH7cAHeIfC9sQ_AUoAXoECAIQAw	"[""servicecenter.studium@tu-dresden.de"", ""infostelle@tu-dresden.de"", ""pressestelle@tu-dresden.de""]"		0
https://tu-dresden.de/tu-dresden/veranstaltungskalender/veranstaltungskalender/der-weg-zu-erfolgreichen-schutzrechtsanmeldungen-teil-i-technische-schutzrechte-patente-und-gebrauchsmuster-1	DER WEG ZU ERFOLGREICHEN SCHUTZRECHTSAN­MELDUNGEN - TEIL I - TECHNISCHE SCHUTZRECHTE (PATENTE UND GEBRAUCHSMUSTER)	2022-11-02	2022-11-02	"['{""type"": ""general"", ""Start_time"": ""02:00PM"", ""end_time"": ""05:00PM"", ""timezone"": """", ""days"": ""all""}']"	 COURSE OF TALKS: der weg zu erfolgreichen schutzrechtsan­meldungen - teil i - technische schutzrechte (patente und gebrauchsmuster)		Technische Universität Dresden is an effective partner for local, national and global collaborations in research, teaching and transfer.	Technische Universität Dresden	https://tu-dresden.de/									https://tu-dresden.de/tu-dresden/veranstaltungskalender/veranstaltungskalender/der-weg-zu-erfolgreichen-schutzrechtsanmeldungen-teil-i-technische-schutzrechte-patente-und-gebrauchsmuster-1		"[""servicecenter.studium@tu-dresden.de"", ""infostelle@tu-dresden.de"", ""pressestelle@tu-dresden.de""]"	"['{""name"": ""Dipl.-Ing. Matthias Knöbel"", ""title"": """", ""link"": """"}']"	1
https://tu-dresden.de/tu-dresden/veranstaltungskalender/veranstaltungskalender/schutz-und-verwertung-ingenieurtechnischer-leistungen-wise-2022-23/2022-11-02	SCHUTZ UND VERWERTUNG INGENIEURTECH­NISCHER LEISTUNGEN WISE 2022/23	2022-11-02	2022-11-02	"['{""type"": ""general"", ""Start_time"": ""04:40PM"", ""end_time"": ""06:10PM"", ""timezone"": """", ""days"": ""all""}']"	 LECTURE: schutz und verwertung ingenieurtech­nischer leistungen wise 2022/23		Technische Universität Dresden is an effective partner for local, national and global collaborations in research, teaching and transfer.	Technische Universität Dresden	https://tu-dresden.de/									https://tu-dresden.de/tu-dresden/veranstaltungskalender/veranstaltungskalender/schutz-und-verwertung-ingenieurtechnischer-leistungen-wise-2022-23/2022-11-02		"[""servicecenter.studium@tu-dresden.de"", ""infostelle@tu-dresden.de"", ""pressestelle@tu-dresden.de""]"	"['{""name"": ""Peter Adler"", ""title"": """", ""link"": """"}', '{""name"": ""Sarah Müller-Sägebrecht"", ""title"": """", ""link"": """"}', '{""name"": ""Matthias Knöbel"", ""title"": """", ""link"": """"}']"	1
https://tu-dresden.de/tu-dresden/veranstaltungskalender/veranstaltungskalender/schnupperstunde-folkloretanz-mit-thea-maass	"TRIAL LESSON: FOLK DANCE WITH ""THEA MAASS“"	2022-11-02	2022-11-02	"['{""type"": ""general"", ""Start_time"": ""07:00PM"", ""end_time"": """", ""timezone"": """", ""days"": ""all""}']"	"trial lesson: folk dance with ""thea maass“  starting by 2022-11-02 and ending 2022-11-02"	"{""type"": ""paid"", ""price"": ""free"", ""currency"": """"}"	Technische Universität Dresden is an effective partner for local, national and global collaborations in research, teaching and transfer.	Technische Universität Dresden	https://tu-dresden.de/						Dresden 	Germany		https://tu-dresden.de/tu-dresden/veranstaltungskalender/veranstaltungskalender/schnupperstunde-folkloretanz-mit-thea-maass		"[""servicecenter.studium@tu-dresden.de"", ""infostelle@tu-dresden.de"", ""pressestelle@tu-dresden.de""]"		0
https://tu-dresden.de/tu-dresden/veranstaltungskalender/veranstaltungskalender/tu-dresden-im-dialog-mensch-tier-beziehungen-interdisziplinaere-perspektiven/tiere-in-der-medizin-streitgespraech-im-rahmen-der-reihe-tu-dresden-im-dialog-mensch-tier-beziehungen	TIERE IN DER MEDIZIN – STREITGESPRÄCH	2022-11-03	2022-11-03	"['{""type"": ""general"", ""Start_time"": ""06:00PM"", ""end_time"": ""07:30PM"", ""timezone"": """", ""days"": ""all""}']"	tiere in der medizin – streitgespräch  starting by 2022-11-03 and ending 2022-11-03		Technische Universität Dresden is an effective partner for local, national and global collaborations in research, teaching and transfer.	Technische Universität Dresden	https://tu-dresden.de/									https://tu-dresden.de/tu-dresden/veranstaltungskalender/veranstaltungskalender/tu-dresden-im-dialog-mensch-tier-beziehungen-interdisziplinaere-perspektiven/tiere-in-der-medizin-streitgespraech-im-rahmen-der-reihe-tu-dresden-im-dialog-mensch-tier-beziehungen		"[""servicecenter.studium@tu-dresden.de"", ""infostelle@tu-dresden.de"", ""pressestelle@tu-dresden.de""]"	"['{""name"": ""Dr. Friederike Schmitz"", ""title"": """", ""link"": "" https://friederikeschmitz.de""}', '{""name"": ""Hilal Sezgin"", ""title"": """", ""link"": "" http://hilalsezgin.de""}', '{""name"": ""Dr. med. vet. Kerstin Brüchner"", ""title"": """", ""link"": "" https://tu-dresden.de/tu-dresden/organisation/gremien-und-beauftragte/beauftragte""}', '{""name"": ""Moderation: Cornelius Pollmer"", ""title"": """", ""link"": "" https://www.sueddeutsche.de/autoren/cornelius-pollmer-1.1143170""}', '{""name"": ""Prof. Dr. Kurt Reifenberg"", ""title"": """", ""link"": "" https://www.dkfz.de/de/tierlabor/index.html""}']"	0
https://tu-dresden.de/tu-dresden/veranstaltungskalender/veranstaltungskalender/festveranstaltung-zum-tag-der-vereinten-nationen-2022-mit-preisverleihung-des-lokale-agenda-wettbewerbes	UNITED NATIONS DAY DRESDEN 2021 COMMEMORATIVE EVENT AND THE AWARD CEREMONY OF THE LOKALE AGENDA CONTEST	2022-11-03	2022-11-03	"['{""type"": ""general"", ""Start_time"": ""06:00PM"", ""end_time"": ""09:00PM"", ""timezone"": """", ""days"": ""all""}']"	 INTERACTIVE EVENT: united nations day dresden 2021 commemorative event and the award ceremony of the lokale agenda contest		Technische Universität Dresden is an effective partner for local, national and global collaborations in research, teaching and transfer.	Technische Universität Dresden	https://tu-dresden.de/							Germany	Plenarsaal des Neuen Dresdner Rathauses, Rathausplatz 1, 01067 Dresden 	https://tu-dresden.de/tu-dresden/veranstaltungskalender/veranstaltungskalender/festveranstaltung-zum-tag-der-vereinten-nationen-2022-mit-preisverleihung-des-lokale-agenda-wettbewerbes	https://www.google.com/maps?q=Plenarsaal+des+Neuen+Dresdner+Rathauses,+Rathausplatz+1,+01067+Dresden+++Germany&iflsig=AJiK0e8AAAAAY1cSSn5ttd3vtxtrQd8jAEAfl_A-fAAn&uact=5&gs_lcp=Cgdnd3Mtd2l6EANQAFjsAWCYAmgAcAB4AIABAIgBAJIBAJgBAKABAQ&um=1&ie=UTF-8&sa=X&ved=2ahUKEwiF_eel6Pn6AhWvH7cAHVrOAGkQ_AUoAXoECAIQAw	"[""servicecenter.studium@tu-dresden.de"", ""infostelle@tu-dresden.de"", ""pressestelle@tu-dresden.de""]"	"['{""name"": ""Dr. Angela Kane"", ""title"": """", ""link"": """"}']"	0
https://tu-dresden.de/tu-dresden/veranstaltungskalender/veranstaltungskalender/albert-jacob-1887-1944-ein-vergessenes-hinrichtungsopfer-aus-zwickau-vortrag-und-podiumsdiskussion	ALBERT JACOB (1887-1944). EIN VERGESSENES HINRICHTUNG­SOPFER AUS ZWICKAU. VORTRAG UND PODIUMSDISKUS­SION	2022-11-03	2022-11-03	"['{""type"": ""general"", ""Start_time"": ""07:00PM"", ""end_time"": ""09:30PM"", ""timezone"": """", ""days"": ""all""}']"	 TALK: albert jacob (1887-1944). ein vergessenes hinrichtung­sopfer aus zwickau. vortrag und podiumsdiskus­sion		Technische Universität Dresden is an effective partner for local, national and global collaborations in research, teaching and transfer.	Technische Universität Dresden	https://tu-dresden.de/							Germany	Gedenkstätte Münchner Platz Dresden, VeranstaltungsraumMünchner Platz 3, 01187 DresdenShow map of this location.	https://tu-dresden.de/tu-dresden/veranstaltungskalender/veranstaltungskalender/albert-jacob-1887-1944-ein-vergessenes-hinrichtungsopfer-aus-zwickau-vortrag-und-podiumsdiskussion	https://www.google.com/maps/dir/location.+Germany/Memorial+M%C3%BCnchner+Platz+Dresden,+M%C3%BCnchner+Pl.+3,+01187+Dresden,+Germany/@51.0666765,9.7877679,7z/data=!3m1!4b1!4m13!4m12!1m5!1m1!1s0x479a721ec2b1be6b:0x75e85d6b8e91e55b!2m2!1d10.451526!2d51.165691!1m5!1m1!1s0x4709c593c1ed8681:0xb066175fd3750dae!2m2!1d13.7235167!2d51.029549	"[""servicecenter.studium@tu-dresden.de"", ""infostelle@tu-dresden.de"", ""pressestelle@tu-dresden.de""]"	"['{""name"": ""Sven Hüber (Gewerkschaft der Polizei) im Gespräch mit Dr. Birgit Sack"", ""title"": """", ""link"": "" Leiterin der Gedenkstätte""}']"	0
https://tu-dresden.de/tu-dresden/veranstaltungskalender/veranstaltungskalender/gedenkstaette-bautzner-strasse-dresden	BAUTZNER STRASSE DRESDEN MEMORIAL	2022-11-06	2022-11-06	"['{""type"": ""general"", ""Start_time"": ""01:00PM"", ""end_time"": """", ""timezone"": """", ""days"": ""all""}']"	 EXCURSION: bautzner strasse dresden memorial	"{""type"": ""paid"", ""price"": ""3.00"", ""currency"": ""€""}"	Technische Universität Dresden is an effective partner for local, national and global collaborations in research, teaching and transfer.	Technische Universität Dresden	https://tu-dresden.de/						Dresden 	Germany		https://tu-dresden.de/tu-dresden/veranstaltungskalender/veranstaltungskalender/gedenkstaette-bautzner-strasse-dresden		"[""servicecenter.studium@tu-dresden.de"", ""infostelle@tu-dresden.de"", ""pressestelle@tu-dresden.de""]"		0
https://tu-dresden.de/tu-dresden/veranstaltungskalender/veranstaltungskalender/postdoc-talks-spotlight-on/haifischbecken-und-goldfischteiche	NAVIGATING THE SHARK POOL	2022-11-08	2022-11-08	"['{""type"": ""general"", ""Start_time"": ""11:30AM"", ""end_time"": ""01:30PM"", ""timezone"": """", ""days"": ""all""}']"	navigating the shark pool  starting by 2022-11-08 and ending 2022-11-08		Technische Universität Dresden is an effective partner for local, national and global collaborations in research, teaching and transfer.	Technische Universität Dresden	https://tu-dresden.de/									https://tu-dresden.de/tu-dresden/veranstaltungskalender/veranstaltungskalender/postdoc-talks-spotlight-on/haifischbecken-und-goldfischteiche		"[""servicecenter.studium@tu-dresden.de"", ""infostelle@tu-dresden.de"", ""pressestelle@tu-dresden.de""]"		1
https://tu-dresden.de/tu-dresden/veranstaltungskalender/veranstaltungskalender/lokale-digitale-partizipation/digitale-partizipation-verfestigung-bestehender-beteiligungsmuster-oder-neue-chance-fuer-mehr-mobilisierung-und-inklusion-einfuehrung-in-das-thema	DIGITALE PARTIZIPATION: VERFESTIGUNG BESTEHENDER BETEILI­GUNGSMUSTER ODER NEUE CHANCE FÜR MEHR MOBILISIERUNG UND INKLUSION? EINFÜHRUNG IN DAS THEMA	2022-11-08	2022-11-08	"['{""type"": ""general"", ""Start_time"": ""06:30PM"", ""end_time"": ""08:00PM"", ""timezone"": """", ""days"": ""all""}']"	 COURSE OF TALKS: digitale partizipation: verfestigung bestehender beteili­gungsmuster oder neue chance für mehr mobilisierung und inklusion? einführung in das thema		Technische Universität Dresden is an effective partner for local, national and global collaborations in research, teaching and transfer.	Technische Universität Dresden	https://tu-dresden.de/							Germany	HSZ/401Hörsaalzentrum, TU Dresden, Bergstraße 64, 01069 Dresden	https://tu-dresden.de/tu-dresden/veranstaltungskalender/veranstaltungskalender/lokale-digitale-partizipation/digitale-partizipation-verfestigung-bestehender-beteiligungsmuster-oder-neue-chance-fuer-mehr-mobilisierung-und-inklusion-einfuehrung-in-das-thema	https://www.google.com/maps?q=HSZ/401H%C3%B6rsaalzentrum,+TU+Dresden,+Bergstra%C3%9Fe+64,+01069+Dresden++Germany&iflsig=AJiK0e8AAAAAY1cSoK3yNQeNo5nKhScjr77kCbGn36_K&uact=5&gs_lcp=Cgdnd3Mtd2l6EANQAFjuAWCsAmgAcAB4AIABAIgBAJIBAJgBAKABAQ&um=1&ie=UTF-8&sa=X&ved=2ahUKEwiriuDO6Pn6AhVw03MBHUImDvsQ_AUoAXoECAIQAw	"[""servicecenter.studium@tu-dresden.de"", ""infostelle@tu-dresden.de"", ""pressestelle@tu-dresden.de""]"	"['{""name"": ""Prof. Dr. Marianne Kneuer (TUD)"", ""title"": """", ""link"": """"}']"	0
https://tu-dresden.de/tu-dresden/veranstaltungskalender/veranstaltungskalender/schutz-und-verwertung-ingenieurtechnischer-leistungen-wise-2022-23/2022-11-09	SCHUTZ UND VERWERTUNG INGENIEURTECH­NISCHER LEISTUNGEN WISE 2022/23	2022-11-09	2022-11-09	"['{""type"": ""general"", ""Start_time"": ""04:40PM"", ""end_time"": ""06:10PM"", ""timezone"": """", ""days"": ""all""}']"	 LECTURE: schutz und verwertung ingenieurtech­nischer leistungen wise 2022/23		Technische Universität Dresden is an effective partner for local, national and global collaborations in research, teaching and transfer.	Technische Universität Dresden	https://tu-dresden.de/									https://tu-dresden.de/tu-dresden/veranstaltungskalender/veranstaltungskalender/schutz-und-verwertung-ingenieurtechnischer-leistungen-wise-2022-23/2022-11-09		"[""servicecenter.studium@tu-dresden.de"", ""infostelle@tu-dresden.de"", ""pressestelle@tu-dresden.de""]"	"['{""name"": ""Peter Adler"", ""title"": """", ""link"": """"}', '{""name"": ""Sarah Müller-Sägebrecht"", ""title"": """", ""link"": """"}', '{""name"": ""Matthias Knöbel"", ""title"": """", ""link"": """"}']"	1
https://tu-dresden.de/tu-dresden/veranstaltungskalender/veranstaltungskalender/world-usability-day-2022	WORLD USABILITY DAY 2022	2022-11-10	2022-11-10	"['{""type"": ""general"", ""Start_time"": ""  "", ""end_time"": ""  "", ""timezone"": """", ""days"": ""all""}']"	 INTERACTIVE EVENT: world usability day 2022		Technische Universität Dresden is an effective partner for local, national and global collaborations in research, teaching and transfer.	Technische Universität Dresden	https://tu-dresden.de/									https://tu-dresden.de/tu-dresden/veranstaltungskalender/veranstaltungskalender/world-usability-day-2022		"[""servicecenter.studium@tu-dresden.de"", ""infostelle@tu-dresden.de"", ""pressestelle@tu-dresden.de""]"		1
https://tu-dresden.de/tu-dresden/veranstaltungskalender/veranstaltungskalender/stufoexpo-2022	STUFOEXPO 2022	2022-11-10	2022-11-10	"['{""type"": ""general"", ""Start_time"": ""04:00PM"", ""end_time"": ""06:30PM"", ""timezone"": """", ""days"": ""all""}']"	 EXHIBIT: stufoexpo 2022		Technische Universität Dresden is an effective partner for local, national and global collaborations in research, teaching and transfer.	Technische Universität Dresden	https://tu-dresden.de/									https://tu-dresden.de/tu-dresden/veranstaltungskalender/veranstaltungskalender/stufoexpo-2022		"[""servicecenter.studium@tu-dresden.de"", ""infostelle@tu-dresden.de"", ""pressestelle@tu-dresden.de""]"		1
https://tu-dresden.de/tu-dresden/veranstaltungskalender/veranstaltungskalender/universitaetsweite-antrittsvorlesung/2022-11-10	UNIVERSITY-WIDE INAUGURAL LECTURE	2022-11-10	2022-11-10	"['{""type"": ""general"", ""Start_time"": ""04:40PM"", ""end_time"": ""06:10PM"", ""timezone"": """", ""days"": ""all""}']"	 COURSE OF TALKS: university-wide inaugural lecture		Technische Universität Dresden is an effective partner for local, national and global collaborations in research, teaching and transfer.	Technische Universität Dresden	https://tu-dresden.de/							Germany	Heinz-Schönfeld-auditoriumHelmholtzstraße 18Barkhausenbau I90Show map of this location.	https://tu-dresden.de/tu-dresden/veranstaltungskalender/veranstaltungskalender/universitaetsweite-antrittsvorlesung/2022-11-10	https://www.google.com/maps?q=Heinz-Sch%C3%B6nfeld-auditoriumHelmholtzstra%C3%9Fe+18Barkhausenbau+I90Show+map+of+this+location.++Germany&iflsig=AJiK0e8AAAAAY1cS7aYAhdgMRu9-SFg2u8WL87qs6zdr&uact=5&gs_lcp=Cgdnd3Mtd2l6EANQAFiuAmDbAmgAcAB4AIABAIgBAJIBAJgBAKABAQ&um=1&ie=UTF-8&sa=X&ved=2ahUKEwioxIz06Pn6AhWETmwGHfj-ADMQ_AUoAXoECAIQAw	"[""katharina.fritzsch1@tu-dresden.de""]"	"['{""name"": ""selected newly appointed professors"", ""title"": """", ""link"": """"}']"	0
https://tu-dresden.de/tu-dresden/veranstaltungskalender/veranstaltungskalender/studentenfutter-kulinarischer-laenderabend	TRAIL MIX - CULINARY INTERNATIONAL EVENING	2022-11-10	2022-11-10	"['{""type"": ""general"", ""Start_time"": ""05:00PM"", ""end_time"": """", ""timezone"": """", ""days"": ""all""}']"	trail mix - culinary international evening  starting by 2022-11-10 and ending 2022-11-10	"{""type"": ""paid"", ""price"": ""2.00"", ""currency"": ""€""}"	Technische Universität Dresden is an effective partner for local, national and global collaborations in research, teaching and transfer.	Technische Universität Dresden	https://tu-dresden.de/						Dresden 	Germany		https://tu-dresden.de/tu-dresden/veranstaltungskalender/veranstaltungskalender/studentenfutter-kulinarischer-laenderabend		"[""servicecenter.studium@tu-dresden.de"", ""infostelle@tu-dresden.de"", ""pressestelle@tu-dresden.de""]"		0
https://tu-dresden.de/tu-dresden/veranstaltungskalender/veranstaltungskalender/tu-dresden-im-dialog-mensch-tier-beziehungen-interdisziplinaere-perspektiven/tiere-nach-dem-tod-fokus-tierbestattungen-tierfriedhoefe-theorie-praxis-gespraech	TIERE NACH DEM TOD. FOKUS: TIERBESTATTUN­GEN, TIERFRIEDHÖFE – THEORIE-PRAXIS-GESPRÄCH	2022-11-10	2022-11-10	"['{""type"": ""general"", ""Start_time"": ""06:00PM"", ""end_time"": ""07:30PM"", ""timezone"": """", ""days"": ""all""}']"	tiere nach dem tod. fokus: tierbestattun­gen, tierfriedhöfe – theorie-praxis-gespräch  starting by 2022-11-10 and ending 2022-11-10		Technische Universität Dresden is an effective partner for local, national and global collaborations in research, teaching and transfer.	Technische Universität Dresden	https://tu-dresden.de/							Germany	Kathedralforum Dresden, https://www.katholische-akademie-dresden.de/foren/kathedralforum-dresden 	https://tu-dresden.de/tu-dresden/veranstaltungskalender/veranstaltungskalender/tu-dresden-im-dialog-mensch-tier-beziehungen-interdisziplinaere-perspektiven/tiere-nach-dem-tod-fokus-tierbestattungen-tierfriedhoefe-theorie-praxis-gespraech	https://www.google.com/maps/place/Katholische+Akademie+des+Bistums+Dresden-Mei%C3%9Fen/@51.053509,13.7351701,17z/data=!3m1!4b1!4m5!3m4!1s0x4709cf68776c25e9:0xf61a7438f180559d!8m2!3d51.0536134!4d13.7368659	"[""servicecenter.studium@tu-dresden.de"", ""infostelle@tu-dresden.de"", ""pressestelle@tu-dresden.de""]"	"['{""name"": ""Prof. Dr. Julia Enxing"", ""title"": """", ""link"": "" https://tu-dresden.de/gsw/phil/ikt/systematik/die-professur/Inhaberin sowie https://juliaenxing.de/""}', '{""name"": ""Doris Kaube"", ""title"": """", ""link"": "" https://www.tierbestattung-elbflorenz.de/""}']"	0
https://tu-dresden.de/tu-dresden/veranstaltungskalender/veranstaltungskalender/leipzig-staedtetrip	CITY TRIP TO LEIPZIG	2022-11-12	2022-11-12	"['{""type"": ""general"", ""Start_time"": ""  "", ""end_time"": ""  "", ""timezone"": """", ""days"": ""all""}']"	 EXCURSION: city trip to leipzig	"{""type"": ""paid"", ""price"": ""8.00"", ""currency"": ""€""}"	Technische Universität Dresden is an effective partner for local, national and global collaborations in research, teaching and transfer.	Technische Universität Dresden	https://tu-dresden.de/						Leipzig 	Germany		https://tu-dresden.de/tu-dresden/veranstaltungskalender/veranstaltungskalender/leipzig-staedtetrip		"[""servicecenter.studium@tu-dresden.de"", ""infostelle@tu-dresden.de"", ""pressestelle@tu-dresden.de""]"		0
https://tu-dresden.de/tu-dresden/veranstaltungskalender/veranstaltungskalender/ueber-forschung-reden-einfuehrung-in-die-wissenschaftskommunikation-von-presseinfo-bis-podcast/what-do-the-media-need-from-me-what-do-i-get-out-of-it-how-to-build-a-mutually-beneficial-relationship-with-the-media	WHAT DO THE MEDIA NEED FROM ME? WHAT DO I GET OUT OF IT? HOW TO BUILD A MUTUALLY BENEFICIAL RELATIONSHIP WITH THE MEDIA	2022-11-15	2022-11-15	"['{""type"": ""general"", ""Start_time"": ""02:50PM"", ""end_time"": ""04:20PM"", ""timezone"": """", ""days"": ""all""}']"	 TALK: what do the media need from me? what do i get out of it? how to build a mutually beneficial relationship with the media		Technische Universität Dresden is an effective partner for local, national and global collaborations in research, teaching and transfer.	Technische Universität Dresden	https://tu-dresden.de/									https://tu-dresden.de/tu-dresden/veranstaltungskalender/veranstaltungskalender/ueber-forschung-reden-einfuehrung-in-die-wissenschaftskommunikation-von-presseinfo-bis-podcast/what-do-the-media-need-from-me-what-do-i-get-out-of-it-how-to-build-a-mutually-beneficial-relationship-with-the-media		"[""servicecenter.studium@tu-dresden.de"", ""infostelle@tu-dresden.de"", ""pressestelle@tu-dresden.de""]"	"['{""name"": ""Dr. Christina Berndt"", ""title"": """", ""link"": """"}']"	1
https://tu-dresden.de/tu-dresden/veranstaltungskalender/veranstaltungskalender/alter-juedischer-friedhof-saechsischer-landtag	OLD JEWISH CEMETERY & SAXON STATE PARLIAMENT	2022-11-17	2022-11-17	"['{""type"": ""general"", ""Start_time"": ""04:00PM"", ""end_time"": """", ""timezone"": """", ""days"": ""all""}']"	 EXCURSION: old jewish cemetery & saxon state parliament	"{""type"": ""paid"", ""price"": ""4.00"", ""currency"": ""€""}"	Technische Universität Dresden is an effective partner for local, national and global collaborations in research, teaching and transfer.	Technische Universität Dresden	https://tu-dresden.de/						Dresden 	Germany		https://tu-dresden.de/tu-dresden/veranstaltungskalender/veranstaltungskalender/alter-juedischer-friedhof-saechsischer-landtag		"[""servicecenter.studium@tu-dresden.de"", ""infostelle@tu-dresden.de"", ""pressestelle@tu-dresden.de""]"		0
https://tu-dresden.de/tu-dresden/veranstaltungskalender/veranstaltungskalender/tu-dresden-im-dialog-mensch-tier-beziehungen-interdisziplinaere-perspektiven/tiere-in-der-stadt-fokus-woelfe-waschbaeren-und-co-podiumsdiskussion-im-rahmen-der-reihe-tu-dresden-im-dialog-mensch-tier-beziehungen	TIERE IN DER STADT. FOKUS: WÖLFE, WASCHBÄREN UND CO. – PODIUMSDISKUS­SION	2022-11-17	2022-11-17	"['{""type"": ""general"", ""Start_time"": ""06:00PM"", ""end_time"": ""07:30PM"", ""timezone"": """", ""days"": ""all""}']"	 INTERACTIVE EVENT: tiere in der stadt. fokus: wölfe, waschbären und co. – podiumsdiskus­sion		Technische Universität Dresden is an effective partner for local, national and global collaborations in research, teaching and transfer.	Technische Universität Dresden	https://tu-dresden.de/							Germany	Kuppelhalle Tharandt 	https://tu-dresden.de/tu-dresden/veranstaltungskalender/veranstaltungskalender/tu-dresden-im-dialog-mensch-tier-beziehungen-interdisziplinaere-perspektiven/tiere-in-der-stadt-fokus-woelfe-waschbaeren-und-co-podiumsdiskussion-im-rahmen-der-reihe-tu-dresden-im-dialog-mensch-tier-beziehungen	https://www.google.com/maps?q=Kuppelhalle+Tharandt+++Germany&iflsig=AJiK0e8AAAAAY1cTeWPphs4e9Dsp6PSCKebloqa78pdl&uact=5&gs_lcp=Cgdnd3Mtd2l6EANQAFiTAWDYAWgAcAB4AIABAIgBAJIBAJgBAKABAQ&um=1&ie=UTF-8&sa=X&ved=2ahUKEwiQp5e26fn6AhUW6XMBHQdbBtIQ_AUoAXoECAEQAw	"[""servicecenter.studium@tu-dresden.de"", ""infostelle@tu-dresden.de"", ""pressestelle@tu-dresden.de""]"	"['{""name"": ""Prof. Dr. Dr. habil. Sven Herzog"", ""title"": """", ""link"": "" https://tu-dresden.de/bu/umwelt/forst/wb/wildoekologie/die-professur/inhaber-in""}', '{""name"": ""Prof. Dr. Thomas E. Hauck"", ""title"": """", ""link"": "" https://animal-aided-design.de/ueber-uns/ und https://landscape.tuwien.ac.at/thomas-hauck/""}', '{""name"": ""Dr. Andreas Kinser"", ""title"": """", ""link"": "" https://www.deutschewildtierstiftung.de/ueber-uns/menschen""}', '{""name"": ""Vertreter*in der Stadt Dresden"", ""title"": """", ""link"": """"}', '{""name"": ""Moderation: Lena Herlitzius"", ""title"": """", ""link"": "" https://triple-helix.de/ueber-uns/""}']"	0
https://tu-dresden.de/tu-dresden/veranstaltungskalender/veranstaltungskalender/meinungsverschiedenheit-workshop-zum-tag-der-toleranz	MEINUNGSVER­SCHIEDENHEIT: WORKSHOP ZUM TAG DER TOLERANZ	2022-11-17	2022-11-17	"['{""type"": ""general"", ""Start_time"": ""06:00PM"", ""end_time"": ""09:00PM"", ""timezone"": """", ""days"": ""all""}']"	 WORKSHOP: meinungsver­schiedenheit: workshop zum tag der toleranz		Technische Universität Dresden is an effective partner for local, national and global collaborations in research, teaching and transfer.	Technische Universität Dresden	https://tu-dresden.de/							Germany	Sächsische Staatsbibliothek – Landes- und Universitätsbibliothek (SLUB) - Klemperer-SaalZellescher Weg 18, 01069 Dresden	https://tu-dresden.de/tu-dresden/veranstaltungskalender/veranstaltungskalender/meinungsverschiedenheit-workshop-zum-tag-der-toleranz	https://www.google.com/maps?q=S%C3%A4chsische+Staatsbibliothek+%E2%80%93+Landes-+und+Universit%C3%A4tsbibliothek+(SLUB)+-+Klemperer-SaalZellescher+Weg+18,+01069+Dresden++Germany&iflsig=AJiK0e8AAAAAY1cTioRTZIphbHzQVfejAXaGGfW1FHWS&uact=5&gs_lcp=Cgdnd3Mtd2l6EANQAFiZA2DdA2gAcAB4AIABAIgBAJIBAJgBAKABAQ&um=1&ie=UTF-8&sa=X&ved=2ahUKEwie55C-6fn6AhWLTmwGHbK_C3YQ_AUoAXoECAEQAw	"[""servicecenter.studium@tu-dresden.de"", ""infostelle@tu-dresden.de"", ""pressestelle@tu-dresden.de""]"		0
https://tu-dresden.de/tu-dresden/veranstaltungskalender/veranstaltungskalender/europastadt-goerlitz-zgorzelec-1	EUROPEAN CITY OF GÖRLITZ / ZGORZELEC	2022-11-20	2022-11-20	"['{""type"": ""general"", ""Start_time"": ""  "", ""end_time"": ""  "", ""timezone"": """", ""days"": ""all""}']"	 EXCURSION: european city of görlitz / zgorzelec	"{""type"": ""paid"", ""price"": ""10.00"", ""currency"": ""€""}"	Technische Universität Dresden is an effective partner for local, national and global collaborations in research, teaching and transfer.	Technische Universität Dresden	https://tu-dresden.de/						Görlitz 	Germany		https://tu-dresden.de/tu-dresden/veranstaltungskalender/veranstaltungskalender/europastadt-goerlitz-zgorzelec-1		"[""servicecenter.studium@tu-dresden.de"", ""infostelle@tu-dresden.de"", ""pressestelle@tu-dresden.de""]"		0
https://tu-dresden.de/tu-dresden/veranstaltungskalender/veranstaltungskalender/panel-diskussion-inequality-and-the-political-economy-of-contemporary-crises	"PANEL DISCUSSION ""INEQUALITY AND THE POLITICAL ECONOMY OF CONTEMPORARY CRISES"""	2022-11-21	2022-11-21	"['{""type"": ""general"", ""Start_time"": ""06:30PM"", ""end_time"": ""08:00PM"", ""timezone"": """", ""days"": ""all""}']"	"panel discussion ""inequality and the political economy of contemporary crises""  starting by 2022-11-21 and ending 2022-11-21"		Technische Universität Dresden is an effective partner for local, national and global collaborations in research, teaching and transfer.	Technische Universität Dresden	https://tu-dresden.de/							Germany	Festsaal, Hülße-Bau, North wing, 3rd floorHelmholtzstr. 10, 01062 Dresden	https://tu-dresden.de/tu-dresden/veranstaltungskalender/veranstaltungskalender/panel-diskussion-inequality-and-the-political-economy-of-contemporary-crises	https://www.google.com/maps?iflsig=AJiK0e8AAAAAY1cTuzbaUGB5pLHWo6PDRDLKgw2n7s54&uact=5&gs_lcp=Cgdnd3Mtd2l6EANQAFiMAmDDAmgAcAB4AIABAIgBAJIBAJgBAKABAQ&q=Festsaal,+H%C3%BCl%C3%9Fe-Bau,+North+wing,+3rd+floor+Helmholtzstr.+10,+01062+Dresden+Germany&um=1&ie=UTF-8&sa=X&ved=2ahUKEwjpnsnV6fn6AhUd43MBHRipDkcQ_AUoAXoECAIQAw	"[""servicecenter.studium@tu-dresden.de"", ""infostelle@tu-dresden.de"", ""pressestelle@tu-dresden.de""]"		0
https://tu-dresden.de/tu-dresden/veranstaltungskalender/veranstaltungskalender/der-weg-zu-erfolgreichen-schutzrechtsanmeldungen-teil-ii-patentrecherchen	DER WEG ZU ERFOLGREICHEN SCHUTZRECHTSAN­MELDUNGEN - TEIL II - PATENTRECHER­CHEN	2022-11-23	2022-11-23	"['{""type"": ""general"", ""Start_time"": ""02:00PM"", ""end_time"": ""05:00PM"", ""timezone"": """", ""days"": ""all""}']"	der weg zu erfolgreichen schutzrechtsan­meldungen - teil ii - patentrecher­chen  starting by 2022-11-23 and ending 2022-11-23		Technische Universität Dresden is an effective partner for local, national and global collaborations in research, teaching and transfer.	Technische Universität Dresden	https://tu-dresden.de/									https://tu-dresden.de/tu-dresden/veranstaltungskalender/veranstaltungskalender/der-weg-zu-erfolgreichen-schutzrechtsanmeldungen-teil-ii-patentrecherchen		"[""servicecenter.studium@tu-dresden.de"", ""infostelle@tu-dresden.de"", ""pressestelle@tu-dresden.de""]"	"['{""name"": ""Dipl.-Ing. Claudia Pohlandt"", ""title"": """", ""link"": """"}']"	1
https://tu-dresden.de/tu-dresden/veranstaltungskalender/veranstaltungskalender/schutz-und-verwertung-ingenieurtechnischer-leistungen-wise-2022-23/2022-11-23	SCHUTZ UND VERWERTUNG INGENIEURTECH­NISCHER LEISTUNGEN WISE 2022/23	2022-11-23	2022-11-23	"['{""type"": ""general"", ""Start_time"": ""04:40PM"", ""end_time"": ""06:10PM"", ""timezone"": """", ""days"": ""all""}']"	 LECTURE: schutz und verwertung ingenieurtech­nischer leistungen wise 2022/23		Technische Universität Dresden is an effective partner for local, national and global collaborations in research, teaching and transfer.	Technische Universität Dresden	https://tu-dresden.de/									https://tu-dresden.de/tu-dresden/veranstaltungskalender/veranstaltungskalender/schutz-und-verwertung-ingenieurtechnischer-leistungen-wise-2022-23/2022-11-23		"[""servicecenter.studium@tu-dresden.de"", ""infostelle@tu-dresden.de"", ""pressestelle@tu-dresden.de""]"	"['{""name"": ""Peter Adler"", ""title"": """", ""link"": """"}', '{""name"": ""Sarah Müller-Sägebrecht"", ""title"": """", ""link"": """"}', '{""name"": ""Matthias Knöbel"", ""title"": """", ""link"": """"}']"	1
https://tu-dresden.de/tu-dresden/veranstaltungskalender/veranstaltungskalender/praesenz-workshop-die-tutor-innen-taetigkeit-in-deiner-bewerbung	PRÄSENZ-WORKSHOP: DIE TUTOR:INNEN-TÄTIGKEIT IN DEINER BEWERBUNG	2022-11-24	2022-11-24	"['{""type"": ""general"", ""Start_time"": ""01:00PM"", ""end_time"": ""02:30PM"", ""timezone"": """", ""days"": ""all""}']"	 WORKSHOP: präsenz-workshop: die tutor:innen-tätigkeit in deiner bewerbung		Technische Universität Dresden is an effective partner for local, national and global collaborations in research, teaching and transfer.	Technische Universität Dresden	https://tu-dresden.de/							Germany	Bürogebäude Strehlener Straße (BSS), Raum 548Strehlener Straße 22, 01069 Dresden	https://tu-dresden.de/tu-dresden/veranstaltungskalender/veranstaltungskalender/praesenz-workshop-die-tutor-innen-taetigkeit-in-deiner-bewerbung	https://www.google.com/maps?q=B%C3%BCrogeb%C3%A4ude+Strehlener+Stra%C3%9Fe+(BSS),+Raum+548Strehlener+Stra%C3%9Fe+22,+01069+Dresden++Germany&iflsig=AJiK0e8AAAAAY1cT572JrZ4g7-DPSmArf1Z2IneHJzFN&uact=5&gs_lcp=Cgdnd3Mtd2l6EANKBQhAEgExUABYlAJgwwJoAHAAeACAAQCIAQCSAQCYAQCgAQE&um=1&ie=UTF-8&sa=X&ved=2ahUKEwiQ-KPq6fn6AhXy_3MBHbDtDxMQ_AUoAXoECAIQAw	"[""servicecenter.studium@tu-dresden.de"", ""infostelle@tu-dresden.de"", ""pressestelle@tu-dresden.de""]"	"['{""name"": ""Dipl.-Psych. Melanie Ludwig"", ""title"": """", ""link"": """"}']"	0
https://tu-dresden.de/tu-dresden/veranstaltungskalender/veranstaltungskalender/meinungsverschiedenheit-workshop-zum-tag-der-toleranz-1	MEINUNGSVER­SCHIEDENHEIT: WORKSHOP ZUM TAG DER TOLERANZ	2022-11-24	2022-11-24	"['{""type"": ""general"", ""Start_time"": ""06:00PM"", ""end_time"": ""09:00PM"", ""timezone"": """", ""days"": ""all""}']"	 WORKSHOP: meinungsver­schiedenheit: workshop zum tag der toleranz		Technische Universität Dresden is an effective partner for local, national and global collaborations in research, teaching and transfer.	Technische Universität Dresden	https://tu-dresden.de/							Germany	Stadtteilbibliothek GorbitzMerianplatz 4, 01169 Dresden	https://tu-dresden.de/tu-dresden/veranstaltungskalender/veranstaltungskalender/meinungsverschiedenheit-workshop-zum-tag-der-toleranz-1	https://www.google.com/maps?iflsig=AJiK0e8AAAAAY1cT-RHCJdqUpkmF5dW8NeMRsZ1o3Mw0&uact=5&gs_lcp=Cgdnd3Mtd2l6EANQAFjFAWD6AWgAcAB4AIABAIgBAJIBAJgBAKABAQ&q=Stadtteilbibliothek+Gorbitz+Merianplatz+4,+01169+Dresden+Germany&um=1&ie=UTF-8&sa=X&ved=2ahUKEwiwpYjz6fn6AhWmH7cAHTZiBhgQ_AUoAXoECAEQAw	"[""servicecenter.studium@tu-dresden.de"", ""infostelle@tu-dresden.de"", ""pressestelle@tu-dresden.de""]"		0
https://tu-dresden.de/tu-dresden/veranstaltungskalender/veranstaltungskalender/lessing-stadt-kamenz	LESSING TOWN KAMENZ	2022-11-27	2022-11-27	"['{""type"": ""general"", ""Start_time"": ""  "", ""end_time"": ""  "", ""timezone"": """", ""days"": ""all""}']"	 EXCURSION: lessing town kamenz	"{""type"": ""paid"", ""price"": ""8.00"", ""currency"": ""€""}"	Technische Universität Dresden is an effective partner for local, national and global collaborations in research, teaching and transfer.	Technische Universität Dresden	https://tu-dresden.de/						Kamenz 	Germany		https://tu-dresden.de/tu-dresden/veranstaltungskalender/veranstaltungskalender/lessing-stadt-kamenz		"[""servicecenter.studium@tu-dresden.de"", ""infostelle@tu-dresden.de"", ""pressestelle@tu-dresden.de""]"		0
https://tu-dresden.de/tu-dresden/veranstaltungskalender/veranstaltungskalender/lokale-digitale-partizipation/buergerprojekte-in-der-stadtentwicklung-am-beispiel-der-zukunftsstadt-dresden-und-der-digitalen-projektfabrik	BÜRGERPROJEKTE IN DER STADTENTWICK­LUNG AM BEISPIEL DER ZUKUNFTSSTADT DRESDEN UND DER DIGITALEN PROJEKTFABRIK	2022-11-29	2022-11-29	"['{""type"": ""general"", ""Start_time"": ""06:30PM"", ""end_time"": ""08:00PM"", ""timezone"": """", ""days"": ""all""}']"	 COURSE OF TALKS: bürgerprojekte in der stadtentwick­lung am beispiel der zukunftsstadt dresden und der digitalen projektfabrik		Technische Universität Dresden is an effective partner for local, national and global collaborations in research, teaching and transfer.	Technische Universität Dresden	https://tu-dresden.de/							Germany	HSZ/401Hörsaalzentrum, TU Dresden, Bergstraße 64, 01069 Dresden	https://tu-dresden.de/tu-dresden/veranstaltungskalender/veranstaltungskalender/lokale-digitale-partizipation/buergerprojekte-in-der-stadtentwicklung-am-beispiel-der-zukunftsstadt-dresden-und-der-digitalen-projektfabrik	https://www.google.com/maps?q=HSZ/401H%C3%B6rsaalzentrum,+TU+Dresden,+Bergstra%C3%9Fe+64,+01069+Dresden++Germany&iflsig=AJiK0e8AAAAAY1cUJ049JpCBS6lip6Vz5vEi2ULbUp5o&uact=5&gs_lcp=Cgdnd3Mtd2l6EANKBQhAEgExUABY4QFglQJoAHAAeACAAQCIAQCSAQCYAQCgAQE&um=1&ie=UTF-8&sa=X&ved=2ahUKEwi_ma6J6vn6AhUCXHwKHa-5AZIQ_AUoAXoECAIQAw	"[""servicecenter.studium@tu-dresden.de"", ""infostelle@tu-dresden.de"", ""pressestelle@tu-dresden.de""]"	"['{""name"": ""Norbert Rost (futureprojects)"", ""title"": """", ""link"": """"}']"	0
https://tu-dresden.de/tu-dresden/veranstaltungskalender/veranstaltungskalender/der-weg-zu-erfolgreichen-schutzrechtsanmeldungen-teil-iii-nichttechnische-schutzrechte-marken-und-designs	DER WEG ZU ERFOLGREICHEN SCHUTZRECHTSAN­MELDUNGEN - TEIL III - NICHTTECHNISCHE SCHUTZRECHTE (MARKEN UND DESIGNS)	2022-11-30	2022-11-30	"['{""type"": ""general"", ""Start_time"": ""01:30PM"", ""end_time"": ""05:30PM"", ""timezone"": """", ""days"": ""all""}']"	 COURSE OF TALKS: der weg zu erfolgreichen schutzrechtsan­meldungen - teil iii - nichttechnische schutzrechte (marken und designs)		Technische Universität Dresden is an effective partner for local, national and global collaborations in research, teaching and transfer.	Technische Universität Dresden	https://tu-dresden.de/							Germany	virtuell über BigBlueButtonLink wird per E-Mail zugesendet	https://tu-dresden.de/tu-dresden/veranstaltungskalender/veranstaltungskalender/der-weg-zu-erfolgreichen-schutzrechtsanmeldungen-teil-iii-nichttechnische-schutzrechte-marken-und-designs	https://www.google.com/maps?q=virtuell+%C3%BCber+BigBlueButtonLink+wird+per+E-Mail+zugesendet++Germany&iflsig=AJiK0e8AAAAAY1cUP3RfiNlmFgK97_fsTeF4nFogsyXG&uact=5&gs_lcp=Cgdnd3Mtd2l6EANQAFjgAWCWAmgAcAB4AIABAIgBAJIBAJgBAKABAQ&um=1&ie=UTF-8&sa=X&ved=2ahUKEwixwJaU6vn6AhWMIbcAHUv1BZQQ_AUoAnoECAIQBA	"[""servicecenter.studium@tu-dresden.de"", ""infostelle@tu-dresden.de"", ""pressestelle@tu-dresden.de""]"	"['{""name"": ""Dipl.-Ing. Grit Hildebrandt"", ""title"": """", ""link"": """"}']"	0
https://tu-dresden.de/tu-dresden/veranstaltungskalender/veranstaltungskalender/OEffentliche-Praesentation-Die-Lern-und-Spielplattform-LIS-2.0	ÖFFENTLICHE PRÄSENTATION: DIE LERN- UND SPIELPLATTFORM LIS 2.0	2022-11-30	2022-11-30	"['{""type"": ""general"", ""Start_time"": ""04:30PM"", ""end_time"": """", ""timezone"": """", ""days"": ""all""}']"	 INFORMATIONAL EVENT: öffentliche präsentation: die lern- und spielplattform lis 2.0		Technische Universität Dresden is an effective partner for local, national and global collaborations in research, teaching and transfer.	Technische Universität Dresden	https://tu-dresden.de/							Germany	Zentralbibliothek Dresden im KulturpalastWilsdruffer Straße 1801067 Dresden	https://tu-dresden.de/tu-dresden/veranstaltungskalender/veranstaltungskalender/OEffentliche-Praesentation-Die-Lern-und-Spielplattform-LIS-2.0	https://www.google.com/maps?iflsig=AJiK0e8AAAAAY1cUUvOiZ9EBCYR5nxrz30lgbjkqlxpH&uact=5&gs_lcp=Cgdnd3Mtd2l6EANQAFiHAmC8AmgAcAB4AIABAIgBAJIBAJgBAKABAQ&q=Zentralbibliothek+Dresden+im+Kulturpalast+Wilsdruffer+Stra%C3%9Fe+1801067+Dresden+Germany&um=1&ie=UTF-8&sa=X&ved=2ahUKEwjx9MCd6vn6AhU2TGwGHageC6IQ_AUoAXoECAEQAw	"[""servicecenter.studium@tu-dresden.de"", ""infostelle@tu-dresden.de"", ""pressestelle@tu-dresden.de""]"		0
https://tu-dresden.de/tu-dresden/veranstaltungskalender/veranstaltungskalender/schutz-und-verwertung-ingenieurtechnischer-leistungen-wise-2022-23/2022-11-30	SCHUTZ UND VERWERTUNG INGENIEURTECH­NISCHER LEISTUNGEN WISE 2022/23	2022-11-30	2022-11-30	"['{""type"": ""general"", ""Start_time"": ""04:40PM"", ""end_time"": ""06:10PM"", ""timezone"": """", ""days"": ""all""}']"	 LECTURE: schutz und verwertung ingenieurtech­nischer leistungen wise 2022/23		Technische Universität Dresden is an effective partner for local, national and global collaborations in research, teaching and transfer.	Technische Universität Dresden	https://tu-dresden.de/									https://tu-dresden.de/tu-dresden/veranstaltungskalender/veranstaltungskalender/schutz-und-verwertung-ingenieurtechnischer-leistungen-wise-2022-23/2022-11-30		"[""servicecenter.studium@tu-dresden.de"", ""infostelle@tu-dresden.de"", ""pressestelle@tu-dresden.de""]"	"['{""name"": ""Peter Adler"", ""title"": """", ""link"": """"}', '{""name"": ""Sarah Müller-Sägebrecht"", ""title"": """", ""link"": """"}', '{""name"": ""Matthias Knöbel"", ""title"": """", ""link"": """"}']"	1
https://tu-dresden.de/tu-dresden/veranstaltungskalender/veranstaltungskalender/tu-dresden-im-dialog-mensch-tier-beziehungen-interdisziplinaere-perspektiven/tiere-in-unserem-zuhause-fokus-good-news-und-bad-news-gesundheits-foerderliche-mensch-heimtier-beziehungen-in-der-pandemie-pro-und-contradiskum-mit-publikumsgespraech-im-rahmen-der-reihe-tu-dresden-im-dialog-mensch-tier-beziehungen	TIERE IN UNSEREM ZUHAUSE. FOKUS: GOOD NEWS UND BAD NEWS – GESUNDHEITS-FÖRDERLICHE MENSCH-HEIMTIER-BEZIEHUNGEN IN DER PANDEMIE – PRO- UND CONTRA-DISKUSSION MIT PUBLIKUMSGE­SPRÄCH	2022-12-01	2022-12-01	"['{""type"": ""general"", ""Start_time"": ""06:00PM"", ""end_time"": ""07:30PM"", ""timezone"": """", ""days"": ""all""}']"	 INTERACTIVE EVENT: tiere in unserem zuhause. fokus: good news und bad news – gesundheits-förderliche mensch-heimtier-beziehungen in der pandemie – pro- und contra-diskussion mit publikumsge­spräch		Technische Universität Dresden is an effective partner for local, national and global collaborations in research, teaching and transfer.	Technische Universität Dresden	https://tu-dresden.de/							Germany	Klemperer-Saal, Weberplatz 5 	https://tu-dresden.de/tu-dresden/veranstaltungskalender/veranstaltungskalender/tu-dresden-im-dialog-mensch-tier-beziehungen-interdisziplinaere-perspektiven/tiere-in-unserem-zuhause-fokus-good-news-und-bad-news-gesundheits-foerderliche-mensch-heimtier-beziehungen-in-der-pandemie-pro-und-contradiskum-mit-publikumsgespraech-im-rahmen-der-reihe-tu-dresden-im-dialog-mensch-tier-beziehungen	https://www.google.com/maps?q=Klemperer-Saal,+Weberplatz+5+++Germany&iflsig=AJiK0e8AAAAAY1cUhO9Ku8rGNnJOXKdNQ5sYcPL9oBY-&uact=5&gs_lcp=Cgdnd3Mtd2l6EANKBQhAEgExUABYqAFgzAFoAHAAeACAAQCIAQCSAQCYAQCgAQE&um=1&ie=UTF-8&sa=X&ved=2ahUKEwijiI-16vn6AhVgcGwGHc19Cq8Q_AUoAXoECAEQAw	"[""servicecenter.studium@tu-dresden.de"", ""infostelle@tu-dresden.de"", ""pressestelle@tu-dresden.de""]"	"['{""name"": ""Prof. Dr. Sandra Wesenberg"", ""title"": """", ""link"": "" https://www.ash-berlin.eu/hochschule/lehrende/""}', '{""name"": ""Prof. Dr. Frank Nestmann"", ""title"": """", ""link"": "" https://forschungsinfo.tu-dresden.de/detail/professur/524""}', '{""name"": ""Beide sind Koordinator*innen der Forschungsgruppe Mensch-Tier-Beziehungen an der TU Dresden"", ""title"": """", ""link"": "" https://tu-dresden.de/gsw/ew/issw/forschung/forschungsgruppe-mensch-tier-beziehung""}']"	0
https://tu-dresden.de/tu-dresden/veranstaltungskalender/veranstaltungskalender/plaetzchenbacken-weihnachtsquiz	COOKIE BAKING & CHRISTMAS QUIZ	2022-12-02	2022-12-02	"['{""type"": ""general"", ""Start_time"": ""04:00PM"", ""end_time"": """", ""timezone"": """", ""days"": ""all""}']"	cookie baking & christmas quiz  starting by 2022-12-02 and ending 2022-12-02	"{""type"": ""paid"", ""price"": ""2.00"", ""currency"": ""€""}"	Technische Universität Dresden is an effective partner for local, national and global collaborations in research, teaching and transfer.	Technische Universität Dresden	https://tu-dresden.de/						Dresden 	Germany		https://tu-dresden.de/tu-dresden/veranstaltungskalender/veranstaltungskalender/plaetzchenbacken-weihnachtsquiz		"[""servicecenter.studium@tu-dresden.de"", ""infostelle@tu-dresden.de"", ""pressestelle@tu-dresden.de""]"		0
https://tu-dresden.de/tu-dresden/veranstaltungskalender/veranstaltungskalender/silberstadt-freiberg-1	SILVER CITY FREIBERG	2022-12-03	2022-12-03	"['{""type"": ""general"", ""Start_time"": ""  "", ""end_time"": ""  "", ""timezone"": """", ""days"": ""all""}']"	 EXCURSION: silver city freiberg	"{""type"": ""paid"", ""price"": ""8.00"", ""currency"": ""Euro""}"	Technische Universität Dresden is an effective partner for local, national and global collaborations in research, teaching and transfer.	Technische Universität Dresden	https://tu-dresden.de/						Freiberg 	Germany		https://tu-dresden.de/tu-dresden/veranstaltungskalender/veranstaltungskalender/silberstadt-freiberg-1		"[""servicecenter.studium@tu-dresden.de"", ""infostelle@tu-dresden.de"", ""pressestelle@tu-dresden.de""]"		0
https://tu-dresden.de/tu-dresden/veranstaltungskalender/veranstaltungskalender/ki-basierte-assistenzsysteme-in-der-chirurgie	KI-BASIERTE ASSISTENZSYS­TEME IN DER CHIRURGIE	2022-12-06	2022-12-06	"['{""type"": ""general"", ""Start_time"": ""05:00PM"", ""end_time"": ""07:00PM"", ""timezone"": """", ""days"": ""all""}']"	ki-basierte assistenzsys­teme in der chirurgie  starting by 2022-12-06 and ending 2022-12-06		Technische Universität Dresden is an effective partner for local, national and global collaborations in research, teaching and transfer.	Technische Universität Dresden	https://tu-dresden.de/							Germany	Universitätsklinikum Dresden, Klinik für Viszeral-, Thorax- und GefäßchirurgieFetscherstr. 74Haus 1901307 Dresden	https://tu-dresden.de/tu-dresden/veranstaltungskalender/veranstaltungskalender/ki-basierte-assistenzsysteme-in-der-chirurgie	https://www.google.com/maps?q=Universit%C3%A4tsklinikum+Dresden,+Klinik+f%C3%BCr+Viszeral-,+Thorax-+und+Gef%C3%A4%C3%9FchirurgieFetscherstr.+74Haus+1901307+Dresden++Germany&iflsig=AJiK0e8AAAAAY1cUyLwxccmxgTyNWSZHRHdY4v696nrK&uact=5&gs_lcp=Cgdnd3Mtd2l6EANQAFjfAWD-AWgAcAB4AIABAIgBAJIBAJgBAKABAQ&um=1&ie=UTF-8&sa=X&ved=2ahUKEwjFx6nW6vn6AhWySWwGHRMvA-gQ_AUoAXoECAIQAw	"[""servicecenter.studium@tu-dresden.de"", ""infostelle@tu-dresden.de"", ""pressestelle@tu-dresden.de""]"		0
https://tu-dresden.de/tu-dresden/veranstaltungskalender/veranstaltungskalender/schutz-und-verwertung-ingenieurtechnischer-leistungen-wise-2022-23/2022-12-07	SCHUTZ UND VERWERTUNG INGENIEURTECH­NISCHER LEISTUNGEN WISE 2022/23	2022-12-07	2022-12-07	"['{""type"": ""general"", ""Start_time"": ""04:40PM"", ""end_time"": ""06:10PM"", ""timezone"": """", ""days"": ""all""}']"	 LECTURE: schutz und verwertung ingenieurtech­nischer leistungen wise 2022/23		Technische Universität Dresden is an effective partner for local, national and global collaborations in research, teaching and transfer.	Technische Universität Dresden	https://tu-dresden.de/									https://tu-dresden.de/tu-dresden/veranstaltungskalender/veranstaltungskalender/schutz-und-verwertung-ingenieurtechnischer-leistungen-wise-2022-23/2022-12-07		"[""servicecenter.studium@tu-dresden.de"", ""infostelle@tu-dresden.de"", ""pressestelle@tu-dresden.de""]"	"['{""name"": ""Peter Adler"", ""title"": """", ""link"": """"}', '{""name"": ""Sarah Müller-Sägebrecht"", ""title"": """", ""link"": """"}', '{""name"": ""Matthias Knöbel"", ""title"": """", ""link"": """"}']"	1
https://tu-dresden.de/tu-dresden/veranstaltungskalender/veranstaltungskalender/universitaetsweite-antrittsvorlesung/2022-12-08	UNIVERSITY-WIDE INAUGURAL LECTURE	2022-12-08	2022-12-08	"['{""type"": ""general"", ""Start_time"": ""04:40PM"", ""end_time"": ""06:10PM"", ""timezone"": """", ""days"": ""all""}']"	 COURSE OF TALKS: university-wide inaugural lecture		Technische Universität Dresden is an effective partner for local, national and global collaborations in research, teaching and transfer.	Technische Universität Dresden	https://tu-dresden.de/							Germany	Heinz-Schönfeld-auditoriumHelmholtzstraße 18Barkhausenbau I90Show map of this location.	https://tu-dresden.de/tu-dresden/veranstaltungskalender/veranstaltungskalender/universitaetsweite-antrittsvorlesung/2022-12-08	https://www.google.com/maps?q=Heinz-Sch%C3%B6nfeld-auditoriumHelmholtzstra%C3%9Fe+18Barkhausenbau+I90Show+map+of+this+location.++Germany&iflsig=AJiK0e8AAAAAY1cU71xoGc7UNqwDdLhcfZsus5rGXoT9&uact=5&gs_lcp=Cgdnd3Mtd2l6EANQAFiaAmDSAmgAcAB4AIABAIgBAJIBAJgBAKABAQ&um=1&ie=UTF-8&sa=X&ved=2ahUKEwiM7dbo6vn6AhVRcGwGHVWwCBMQ_AUoAXoECAMQAw	"[""katharina.fritzsch1@tu-dresden.de""]"	"['{""name"": ""selected newly appointed professors"", ""title"": """", ""link"": """"}']"	0
https://tu-dresden.de/tu-dresden/veranstaltungskalender/veranstaltungskalender/tu-dresden-im-dialog-mensch-tier-beziehungen-interdisziplinaere-perspektiven/tiere-in-der-geschichte-vortrag-und-response-im-rahmen-der-reihe-tu-dresden-im-dialog-mensch-tier-beziehungen	TIERE IN DER GESCHICHTE – VORTRAG UND RESPONSE	2022-12-08	2022-12-08	"['{""type"": ""general"", ""Start_time"": ""06:00PM"", ""end_time"": ""07:30PM"", ""timezone"": """", ""days"": ""all""}']"	 TALK: tiere in der geschichte – vortrag und response		Technische Universität Dresden is an effective partner for local, national and global collaborations in research, teaching and transfer.	Technische Universität Dresden	https://tu-dresden.de/							Germany	Klemperer-Saal, SLUB Dresden 	https://tu-dresden.de/tu-dresden/veranstaltungskalender/veranstaltungskalender/tu-dresden-im-dialog-mensch-tier-beziehungen-interdisziplinaere-perspektiven/tiere-in-der-geschichte-vortrag-und-response-im-rahmen-der-reihe-tu-dresden-im-dialog-mensch-tier-beziehungen	https://www.google.com/maps?q=Klemperer-Saal,+SLUB+Dresden+++Germany&iflsig=AJiK0e8AAAAAY1cVCgLhu9kLrGVh2A2UX4g7d-ZiiLPK&uact=5&gs_lcp=Cgdnd3Mtd2l6EANQAFh5YKQBaABwAHgAgAEAiAEAkgEAmAEAoAEB&um=1&ie=UTF-8&sa=X&ved=2ahUKEwiv8oz16vn6AhUWTWwGHUJGAoYQ_AUoAnoECAMQBA	"[""servicecenter.studium@tu-dresden.de"", ""infostelle@tu-dresden.de"", ""pressestelle@tu-dresden.de""]"	"['{""name"": ""Prof. Dr. Andreas Rutz"", ""title"": """", ""link"": "" https://tu-dresden.de/gsw/phil/ige/slge/die-professur/lehrstuhlinhaber-prof-dr-andreas-rutz""}', '{""name"": ""PD Dr. Mieke Roscher"", ""title"": """", ""link"": "" https://www.uni-kassel.de/fb05/fachgruppen-und-institute/geschichte/lehrgebiet/sozial-und-kulturgeschichte-human-animal-studies/pd-dr-mieke-roscher""}']"	0
https://tu-dresden.de/tu-dresden/veranstaltungskalender/veranstaltungskalender/weihnachtszauber-sternebasteln	MAGIC SHOW & STAR CRAFTING	2022-12-09	2022-12-09	"['{""type"": ""general"", ""Start_time"": ""04:00PM"", ""end_time"": """", ""timezone"": """", ""days"": ""all""}']"	magic show & star crafting  starting by 2022-12-09 and ending 2022-12-09	"{""type"": ""paid"", ""price"": ""2.00"", ""currency"": ""Euro""}"	Technische Universität Dresden is an effective partner for local, national and global collaborations in research, teaching and transfer.	Technische Universität Dresden	https://tu-dresden.de/						Dresden 	Germany		https://tu-dresden.de/tu-dresden/veranstaltungskalender/veranstaltungskalender/weihnachtszauber-sternebasteln		"[""servicecenter.studium@tu-dresden.de"", ""infostelle@tu-dresden.de"", ""pressestelle@tu-dresden.de""]"		0
https://tu-dresden.de/tu-dresden/veranstaltungskalender/veranstaltungskalender/konzert-in-der-dresdner-frauenkirche	CONCERT IN THE DRESDEN FRAUENKIRCHE	2022-12-11	2022-12-11	"['{""type"": ""general"", ""Start_time"": ""06:30PM"", ""end_time"": """", ""timezone"": """", ""days"": ""all""}']"	 EXCURSION: concert in the dresden frauenkirche	"{""type"": ""paid"", ""price"": ""6.00"", ""currency"": ""Euro""}"	Technische Universität Dresden is an effective partner for local, national and global collaborations in research, teaching and transfer.	Technische Universität Dresden	https://tu-dresden.de/						Dresden 	Germany		https://tu-dresden.de/tu-dresden/veranstaltungskalender/veranstaltungskalender/konzert-in-der-dresdner-frauenkirche		"[""servicecenter.studium@tu-dresden.de"", ""infostelle@tu-dresden.de"", ""pressestelle@tu-dresden.de""]"		0
https://tu-dresden.de/tu-dresden/veranstaltungskalender/veranstaltungskalender/postdoc-talks-spotlight-on/show-your-research	SHOW YOUR RESEARCH	2022-12-13	2022-12-13	"['{""type"": ""general"", ""Start_time"": ""11:30AM"", ""end_time"": ""01:30PM"", ""timezone"": """", ""days"": ""all""}']"	show your research  starting by 2022-12-13 and ending 2022-12-13		Technische Universität Dresden is an effective partner for local, national and global collaborations in research, teaching and transfer.	Technische Universität Dresden	https://tu-dresden.de/									https://tu-dresden.de/tu-dresden/veranstaltungskalender/veranstaltungskalender/postdoc-talks-spotlight-on/show-your-research		"[""servicecenter.studium@tu-dresden.de"", ""infostelle@tu-dresden.de"", ""pressestelle@tu-dresden.de""]"		1
https://tu-dresden.de/tu-dresden/veranstaltungskalender/veranstaltungskalender/schutz-und-verwertung-ingenieurtechnischer-leistungen-wise-2022-23/2022-12-14	SCHUTZ UND VERWERTUNG INGENIEURTECH­NISCHER LEISTUNGEN WISE 2022/23	2022-12-14	2022-12-14	"['{""type"": ""general"", ""Start_time"": ""04:40PM"", ""end_time"": ""06:10PM"", ""timezone"": """", ""days"": ""all""}']"	 LECTURE: schutz und verwertung ingenieurtech­nischer leistungen wise 2022/23		Technische Universität Dresden is an effective partner for local, national and global collaborations in research, teaching and transfer.	Technische Universität Dresden	https://tu-dresden.de/									https://tu-dresden.de/tu-dresden/veranstaltungskalender/veranstaltungskalender/schutz-und-verwertung-ingenieurtechnischer-leistungen-wise-2022-23/2022-12-14		"[""servicecenter.studium@tu-dresden.de"", ""infostelle@tu-dresden.de"", ""pressestelle@tu-dresden.de""]"	"['{""name"": ""Peter Adler"", ""title"": """", ""link"": """"}', '{""name"": ""Sarah Müller-Sägebrecht"", ""title"": """", ""link"": """"}', '{""name"": ""Matthias Knöbel"", ""title"": """", ""link"": """"}']"	1
https://tu-dresden.de/tu-dresden/veranstaltungskalender/veranstaltungskalender/pfefferkuchenstadt-pulsnitz	GINGER BREAD TOWN PULSNITZ	2022-12-17	2022-12-17	"['{""type"": ""general"", ""Start_time"": ""  "", ""end_time"": ""  "", ""timezone"": """", ""days"": ""all""}']"	 EXCURSION: ginger bread town pulsnitz	"{""type"": ""paid"", ""price"": ""5.00"", ""currency"": ""Euro""}"	Technische Universität Dresden is an effective partner for local, national and global collaborations in research, teaching and transfer.	Technische Universität Dresden	https://tu-dresden.de/						Pulsnitz 	Germany		https://tu-dresden.de/tu-dresden/veranstaltungskalender/veranstaltungskalender/pfefferkuchenstadt-pulsnitz		"[""servicecenter.studium@tu-dresden.de"", ""infostelle@tu-dresden.de"", ""pressestelle@tu-dresden.de""]"		0
https://tu-dresden.de/tu-dresden/veranstaltungskalender/veranstaltungskalender/schutz-und-verwertung-ingenieurtechnischer-leistungen-wise-2022-23/2023-01-04	SCHUTZ UND VERWERTUNG INGENIEURTECH­NISCHER LEISTUNGEN WISE 2022/23	2023-01-04	2023-01-04	"['{""type"": ""general"", ""Start_time"": ""04:40PM"", ""end_time"": ""06:10PM"", ""timezone"": """", ""days"": ""all""}']"	 LECTURE: schutz und verwertung ingenieurtech­nischer leistungen wise 2022/23		Technische Universität Dresden is an effective partner for local, national and global collaborations in research, teaching and transfer.	Technische Universität Dresden	https://tu-dresden.de/									https://tu-dresden.de/tu-dresden/veranstaltungskalender/veranstaltungskalender/schutz-und-verwertung-ingenieurtechnischer-leistungen-wise-2022-23/2023-01-04		"[""servicecenter.studium@tu-dresden.de"", ""infostelle@tu-dresden.de"", ""pressestelle@tu-dresden.de""]"	"['{""name"": ""Peter Adler"", ""title"": """", ""link"": """"}', '{""name"": ""Sarah Müller-Sägebrecht"", ""title"": """", ""link"": """"}', '{""name"": ""Matthias Knöbel"", ""title"": """", ""link"": """"}']"	1
https://tu-dresden.de/tu-dresden/veranstaltungskalender/veranstaltungskalender/lokale-digitale-partizipation/mapping-local-political-participation	MAPPING LOCAL POLITICAL PARTICIPATION	2023-01-10	2023-11-10	"['{""type"": ""general"", ""Start_time"": ""06:30PM"", ""end_time"": ""08:00PM"", ""timezone"": """", ""days"": ""all""}']"	 COURSE OF TALKS: mapping local political participation		Technische Universität Dresden is an effective partner for local, national and global collaborations in research, teaching and transfer.	Technische Universität Dresden	https://tu-dresden.de/							Germany	HSZ/401Hörsaalzentrum, TU Dresden, Bergstraße 64, 01069 Dresden	https://tu-dresden.de/tu-dresden/veranstaltungskalender/veranstaltungskalender/lokale-digitale-partizipation/mapping-local-political-participation	https://www.google.com/maps?q=HSZ/401H%C3%B6rsaalzentrum,+TU+Dresden,+Bergstra%C3%9Fe+64,+01069+Dresden++Germany&iflsig=AJiK0e8AAAAAY1cVlo3HryuAYIrEcmM9ngL0MkL9As21&uact=5&gs_lcp=Cgdnd3Mtd2l6EANQAFiPAWCvAWgAcAB4AIABAIgBAJIBAJgBAKABAQ&um=1&ie=UTF-8&sa=X&ved=2ahUKEwjn9p246_n6AhXscGwGHTc5At0Q_AUoAXoECAEQAw	"[""servicecenter.studium@tu-dresden.de"", ""infostelle@tu-dresden.de"", ""pressestelle@tu-dresden.de""]"	"['{""name"": ""Prof. Dr. Marianne Kneuer (TUD) & Lisabeth Woll (TUD)"", ""title"": """", ""link"": """"}']"	0
https://tu-dresden.de/tu-dresden/veranstaltungskalender/veranstaltungskalender/schutz-und-verwertung-ingenieurtechnischer-leistungen-wise-2022-23/2023-01-11	SCHUTZ UND VERWERTUNG INGENIEURTECH­NISCHER LEISTUNGEN WISE 2022/23	2023-01-11	2023-01-11	"['{""type"": ""general"", ""Start_time"": ""04:40PM"", ""end_time"": ""06:10PM"", ""timezone"": """", ""days"": ""all""}']"	 LECTURE: schutz und verwertung ingenieurtech­nischer leistungen wise 2022/23		Technische Universität Dresden is an effective partner for local, national and global collaborations in research, teaching and transfer.	Technische Universität Dresden	https://tu-dresden.de/									https://tu-dresden.de/tu-dresden/veranstaltungskalender/veranstaltungskalender/schutz-und-verwertung-ingenieurtechnischer-leistungen-wise-2022-23/2023-01-11		"[""servicecenter.studium@tu-dresden.de"", ""infostelle@tu-dresden.de"", ""pressestelle@tu-dresden.de""]"	"['{""name"": ""Peter Adler"", ""title"": """", ""link"": """"}', '{""name"": ""Sarah Müller-Sägebrecht"", ""title"": """", ""link"": """"}', '{""name"": ""Matthias Knöbel"", ""title"": """", ""link"": """"}']"	1
https://tu-dresden.de/tu-dresden/veranstaltungskalender/veranstaltungskalender/tu-dresden-im-dialog-mensch-tier-beziehungen-interdisziplinaere-perspektiven/tiere-am-arbeitsplatz-podiumsdiskussion	TIERE AM ARBEITSPLATZ - PODIUMSDISKUS­SION	2023-01-12	2023-01-12	"['{""type"": ""general"", ""Start_time"": ""06:00PM"", ""end_time"": ""07:30PM"", ""timezone"": """", ""days"": ""all""}']"	 INTERACTIVE EVENT: tiere am arbeitsplatz - podiumsdiskus­sion		Technische Universität Dresden is an effective partner for local, national and global collaborations in research, teaching and transfer.	Technische Universität Dresden	https://tu-dresden.de/							Germany	Klemperer-Saal, Weberplatz 5 	https://tu-dresden.de/tu-dresden/veranstaltungskalender/veranstaltungskalender/tu-dresden-im-dialog-mensch-tier-beziehungen-interdisziplinaere-perspektiven/tiere-am-arbeitsplatz-podiumsdiskussion	https://www.google.com/maps?q=Klemperer-Saal,+Weberplatz+5+++Germany&iflsig=AJiK0e8AAAAAY1cVwMQkJ4e_OpySL7NxHO2kxYMea4kg&uact=5&gs_lcp=Cgdnd3Mtd2l6EANQAFipAWDgAWgAcAB4AIABAIgBAJIBAJgBAKABAQ&um=1&ie=UTF-8&sa=X&ved=2ahUKEwjPxazM6_n6AhU8UGwGHcPaC84Q_AUoAXoECAEQAw	"[""servicecenter.studium@tu-dresden.de"", ""infostelle@tu-dresden.de"", ""pressestelle@tu-dresden.de""]"	"['{""name"": ""Dr. Sandra Foltin"", ""title"": """", ""link"": "" https://sandra-foltin.com/""}', '{""name"": ""Markus Beyer"", ""title"": """", ""link"": "" https://bv-bürohund.de/ueber-uns/der-vorstand/""}', '{""name"": ""Vertreter*in der TU Dresden"", ""title"": """", ""link"": """"}', '{""name"": ""Moderation: Cornelius Pollmer"", ""title"": """", ""link"": "" https://www.sueddeutsche.de/autoren/cornelius-pollmer-1.1143170""}']"	0
https://tu-dresden.de/tu-dresden/veranstaltungskalender/veranstaltungskalender/lokale-digitale-partizipation/zukunft-laendlicher-regionen-digital-vernetzt-und-partizipativ	ZUKUNFT LÄNDLICHER REGIONEN: DIGITAL, VERNETZT UND PARTIZIPATIV?	2023-01-17	2023-01-17	"['{""type"": ""general"", ""Start_time"": ""06:30PM"", ""end_time"": ""08:00PM"", ""timezone"": """", ""days"": ""all""}']"	 COURSE OF TALKS: zukunft ländlicher regionen: digital, vernetzt und partizipativ?		Technische Universität Dresden is an effective partner for local, national and global collaborations in research, teaching and transfer.	Technische Universität Dresden	https://tu-dresden.de/							Germany	HSZ/401Hörsaalzentrum, TU Dresden, Bergstraße 64, 01069 Dresden	https://tu-dresden.de/tu-dresden/veranstaltungskalender/veranstaltungskalender/lokale-digitale-partizipation/zukunft-laendlicher-regionen-digital-vernetzt-und-partizipativ	https://www.google.com/maps?q=HSZ/401H%C3%B6rsaalzentrum,+TU+Dresden,+Bergstra%C3%9Fe+64,+01069+Dresden++Germany&iflsig=AJiK0e8AAAAAY1cV0tMpfsMfiP1hKNhL4ejZMszJmrTU&uact=5&gs_lcp=Cgdnd3Mtd2l6EANQAFi7AmD2AmgAcAB4AIABAIgBAJIBAJgBAKABAQ&um=1&ie=UTF-8&sa=X&ved=2ahUKEwimwr3U6_n6AhUmA7cAHTo_DOwQ_AUoAXoECAEQAw	"[""servicecenter.studium@tu-dresden.de"", ""infostelle@tu-dresden.de"", ""pressestelle@tu-dresden.de""]"	"['{""name"": ""Prof. Dr. Christian Pentzold (Uni Leipzig) & Veronika Stein (Uni Leipzig)"", ""title"": """", ""link"": """"}']"	0
https://tu-dresden.de/tu-dresden/veranstaltungskalender/veranstaltungskalender/schutz-und-verwertung-ingenieurtechnischer-leistungen-wise-2022-23/2023-01-18	SCHUTZ UND VERWERTUNG INGENIEURTECH­NISCHER LEISTUNGEN WISE 2022/23	2023-01-18	2023-01-18	"['{""type"": ""general"", ""Start_time"": ""04:40PM"", ""end_time"": ""06:10PM"", ""timezone"": """", ""days"": ""all""}']"	 LECTURE: schutz und verwertung ingenieurtech­nischer leistungen wise 2022/23		Technische Universität Dresden is an effective partner for local, national and global collaborations in research, teaching and transfer.	Technische Universität Dresden	https://tu-dresden.de/									https://tu-dresden.de/tu-dresden/veranstaltungskalender/veranstaltungskalender/schutz-und-verwertung-ingenieurtechnischer-leistungen-wise-2022-23/2023-01-18		"[""servicecenter.studium@tu-dresden.de"", ""infostelle@tu-dresden.de"", ""pressestelle@tu-dresden.de""]"	"['{""name"": ""Peter Adler"", ""title"": """", ""link"": """"}', '{""name"": ""Sarah Müller-Sägebrecht"", ""title"": """", ""link"": """"}', '{""name"": ""Matthias Knöbel"", ""title"": """", ""link"": """"}']"	1
https://tu-dresden.de/tu-dresden/veranstaltungskalender/veranstaltungskalender/tu-dresden-im-dialog-mensch-tier-beziehungen-interdisziplinaere-perspektiven/tiere-im-kontext-von-therapie-fokus-tiergestuetzte-intervention-tiere-in-therapie-paedagogik-und-sozialer-arbeit-impulsreferate-und-diskussion-mit-dem-publikum	TIERE IM KONTEXT VON THERAPIE. FOKUS: TIERGESTÜTZTE INTERVENTION – TIERE IN THERAPIE, PÄDAGOGIK UND SOZIALER ARBEIT – IMPULSREFERATE UND DISKUSSION MIT DEM PUBLIKUM	2023-01-19	2023-01-19	"['{""type"": ""general"", ""Start_time"": ""06:00PM"", ""end_time"": ""07:30PM"", ""timezone"": """", ""days"": ""all""}']"	 INTERACTIVE EVENT: tiere im kontext von therapie. fokus: tiergestützte intervention – tiere in therapie, pädagogik und sozialer arbeit – impulsreferate und diskussion mit dem publikum		Technische Universität Dresden is an effective partner for local, national and global collaborations in research, teaching and transfer.	Technische Universität Dresden	https://tu-dresden.de/							Germany	Klemperer-Saal, Weberplatz 5 	https://tu-dresden.de/tu-dresden/veranstaltungskalender/veranstaltungskalender/tu-dresden-im-dialog-mensch-tier-beziehungen-interdisziplinaere-perspektiven/tiere-im-kontext-von-therapie-fokus-tiergestuetzte-intervention-tiere-in-therapie-paedagogik-und-sozialer-arbeit-impulsreferate-und-diskussion-mit-dem-publikum	https://www.google.com/maps?q=Klemperer-Saal,+Weberplatz+5+++Germany&iflsig=AJiK0e8AAAAAY1cV-wqTbLJ9YXIclB3GrdOzeaKMsLPS&uact=5&gs_lcp=Cgdnd3Mtd2l6EANQAFiaAWDEAWgAcAB4AIABAIgBAJIBAJgBAKABAQ&um=1&ie=UTF-8&sa=X&ved=2ahUKEwi0v5Xp6_n6AhVdUGwGHaZ9DLcQ_AUoAXoECAIQAw	"[""servicecenter.studium@tu-dresden.de"", ""infostelle@tu-dresden.de"", ""pressestelle@tu-dresden.de""]"	"['{""name"": ""B.A. M.A. Annett Eckloff"", ""title"": """", ""link"": "" https://tu-dresden.de/gsw/ew/issw/forschung/forschungsgruppe-mensch-tier-beziehung/mitglieder-der-forschungsgruppe""}', '{""name"": ""Dr. Lena Scheidig"", ""title"": """", ""link"": "" https://www.lenascheidig.de/""}', '{""name"": ""Polli Hornung"", ""title"": """", ""link"": "" https://tu-dresden.de/gsw/ew/issw/forschung/forschungsgruppe-mensch-tier-beziehung/mitglieder-der-forschungsgruppe""}']"	0
https://tu-dresden.de/tu-dresden/veranstaltungskalender/veranstaltungskalender/schutz-und-verwertung-ingenieurtechnischer-leistungen-wise-2022-23/2023-01-25	SCHUTZ UND VERWERTUNG INGENIEURTECH­NISCHER LEISTUNGEN WISE 2022/23	2023-01-25	2023-01-25	"['{""type"": ""general"", ""Start_time"": ""04:40PM"", ""end_time"": ""06:10PM"", ""timezone"": """", ""days"": ""all""}']"	 LECTURE: schutz und verwertung ingenieurtech­nischer leistungen wise 2022/23		Technische Universität Dresden is an effective partner for local, national and global collaborations in research, teaching and transfer.	Technische Universität Dresden	https://tu-dresden.de/									https://tu-dresden.de/tu-dresden/veranstaltungskalender/veranstaltungskalender/schutz-und-verwertung-ingenieurtechnischer-leistungen-wise-2022-23/2023-01-25		"[""servicecenter.studium@tu-dresden.de"", ""infostelle@tu-dresden.de"", ""pressestelle@tu-dresden.de""]"	"['{""name"": ""Peter Adler"", ""title"": """", ""link"": """"}', '{""name"": ""Sarah Müller-Sägebrecht"", ""title"": """", ""link"": """"}', '{""name"": ""Matthias Knöbel"", ""title"": """", ""link"": """"}']"	1
https://tu-dresden.de/tu-dresden/veranstaltungskalender/veranstaltungskalender/tu-dresden-im-dialog-mensch-tier-beziehungen-interdisziplinaere-perspektiven/tiere-auf-der-buehne-buehnengespraech-mit-anschauungsobjekten	TIERE AUF DER BÜHNE – BÜHNENGESPRÄCH MIT ANSCHAUUNGSOB­JEKTEN	2023-01-26	2023-01-26	"['{""type"": ""general"", ""Start_time"": ""06:00PM"", ""end_time"": ""07:30PM"", ""timezone"": """", ""days"": ""all""}']"	 INTERACTIVE EVENT: tiere auf der bühne – bühnengespräch mit anschauungsob­jekten		Technische Universität Dresden is an effective partner for local, national and global collaborations in research, teaching and transfer.	Technische Universität Dresden	https://tu-dresden.de/							Germany	Die Bühne, Theater der TU Dresden, https://die-buehne.tu-dresden.de/ 	https://tu-dresden.de/tu-dresden/veranstaltungskalender/veranstaltungskalender/tu-dresden-im-dialog-mensch-tier-beziehungen-interdisziplinaere-perspektiven/tiere-auf-der-buehne-buehnengespraech-mit-anschauungsobjekten	https://www.google.com/maps?q=Die+B%C3%BChne,+Theater+der+TU+Dresden,+https://die-buehne.tu-dresden.de/+++Germany&iflsig=AJiK0e8AAAAAY1cWJvH_O_VYlbiYaZL7kCKYFyG37Srx&uact=5&gs_lcp=Cgdnd3Mtd2l6EANQAFjBAmCEA2gAcAB4AIABAIgBAJIBAJgBAKABAQ&um=1&ie=UTF-8&sa=X&ved=2ahUKEwibxZP96_n6AhXCUnwKHY7GAgUQ_AUoAXoECAIQAw	"[""servicecenter.studium@tu-dresden.de"", ""infostelle@tu-dresden.de"", ""pressestelle@tu-dresden.de""]"	"['{""name"": ""Tabea Hörnlein"", ""title"": """", ""link"": "" https://www.tabeahoernlein.de/startseite/""}', '{""name"": ""Ulrich Hub"", ""title"": """", ""link"": "" http://www.ulrichhub.de/""}', '{""name"": ""Max Schumacher"", ""title"": """", ""link"": "" https://die-buehne.tu-dresden.de/ sowie www.posttheater.com""}']"	0
https://tu-dresden.de/tu-dresden/veranstaltungskalender/veranstaltungskalender/schutz-und-verwertung-ingenieurtechnischer-leistungen-wise-2022-23/2023-02-01	SCHUTZ UND VERWERTUNG INGENIEURTECH­NISCHER LEISTUNGEN WISE 2022/23	2023-02-01	2023-02-01	"['{""type"": ""general"", ""Start_time"": ""04:40PM"", ""end_time"": ""06:10PM"", ""timezone"": """", ""days"": ""all""}']"	 LECTURE: schutz und verwertung ingenieurtech­nischer leistungen wise 2022/23		Technische Universität Dresden is an effective partner for local, national and global collaborations in research, teaching and transfer.	Technische Universität Dresden	https://tu-dresden.de/									https://tu-dresden.de/tu-dresden/veranstaltungskalender/veranstaltungskalender/schutz-und-verwertung-ingenieurtechnischer-leistungen-wise-2022-23/2023-02-01		"[""servicecenter.studium@tu-dresden.de"", ""infostelle@tu-dresden.de"", ""pressestelle@tu-dresden.de""]"	"['{""name"": ""Peter Adler"", ""title"": """", ""link"": """"}', '{""name"": ""Sarah Müller-Sägebrecht"", ""title"": """", ""link"": """"}', '{""name"": ""Matthias Knöbel"", ""title"": """", ""link"": """"}']"	1
https://tu-dresden.de/tu-dresden/veranstaltungskalender/veranstaltungskalender/dresden-summerschool-2023	DRESDEN SUMMER SCHOOL ON FUNCTION INTEGRATION AT LIGHTWEIGHT SYSTEMS FOR INDUSTRY 4.0	2023-04-24	2023-04-28	"['{""type"": ""general"", ""Start_time"": ""  "", ""end_time"": ""  "", ""timezone"": """", ""days"": ""all""}']"	 SUMMER SCHOOL: dresden summer school on function integration at lightweight systems for industry 4.0		Technische Universität Dresden is an effective partner for local, national and global collaborations in research, teaching and transfer.	Technische Universität Dresden	https://tu-dresden.de/							Germany	The Institute of Lightweight Engineering and Polymer Technology (ILK), Lightweight Engineering Campus Dresden Johannstadt 	https://tu-dresden.de/tu-dresden/veranstaltungskalender/veranstaltungskalender/dresden-summerschool-2023	https://www.google.com/maps?q=The+Institute+of+Lightweight+Engineering+and+Polymer+Technology+(ILK),+Lightweight+Engineering+Campus+Dresden+Johannstadt+++Germany&iflsig=AJiK0e8AAAAAY1cWUmfzOwysz4WUEqfXt_EzGrGwSE71&uact=5&gs_lcp=Cgdnd3Mtd2l6EANQAFjKBGCwBWgAcAB4AIABAIgBAJIBAJgBAKABAQ&um=1&ie=UTF-8&sa=X&ved=2ahUKEwi-9oqS7Pn6AhXV-3MBHQVcBo8Q_AUoAnoECAIQBA	"[""servicecenter.studium@tu-dresden.de"", ""infostelle@tu-dresden.de"", ""pressestelle@tu-dresden.de""]"		0
